Workbook

Sheet Productivity
B1: Unit | C1: 2011-12 | D1: 2012-13 | E1: 2013-14 | F1: 2014-15 | G1: 2015-16 | H1: 2016-17 | I1: 2017-18 | J1: 2018-19 | K1: 2019-20 | L1: 2020-21 | M1: 2021-22 | N1: 2022-23 | O1: 2023-24 | P1: 2024-25 | Q1: 2025-26 | R1: 2026-27 | S1: 2027-28 | T1: 2028-29 | U1: 2029-30 | V1: 2030-31 | W1: 2031-32 | X1: 2032-33 | Y1: 2033-34 | Z1: 2034-35 | AA1: 2035-36 | AB1: 2036-37 | AC1: 2037-38
A2: Highlights of AI delivery system
A3: 3000 AI centres would use semen doses from semen stations strengthened or established by NDSP
A4: All semen doses used by these 3000 AI centres would be from bulls produced by bull production programmes funded by NDSP
A5: AI delivery programme under NDSP would have a better conception rate and also the daughters born from such inseminations would be of higher genetic potential for milk production
A6: Increase in conception rate leads to a decrease in intercalving period and thus there is an increse in annual milk production.
A7: The project period has been assumed to be till 2036-37 for which benefits have been accounted, though NDSP would be funded in the first phase till 2016-17. The infrastructure created with respect to AI delivery, Semen stations and bull production would be available for a longer period of time.
G9: WOP
A10: Assumptions | B10: Unit | C10: Indig. Cattle | D10: CB Cattle | E10: Buffaloes
A11: Avg. lactation yield | B11: litres | C11: =Assumptions!C3 -> 779.64 | D11: =Assumptions!D3 -> 2507.185 | E11: =Assumptions!E3 -> 1668.415 | F11: =+SUMPRODUCT(C11:E11,C17:E17) -> 1650.9133 | G11: =3.94*365 -> 1438.1 | H11: =+D11/H42-1 -> 2.1839841 | I11: =+D11/C11-1 -> 2.215824
A12: Age at first calving | B12: years | C12: =Assumptions!C4 -> 4 | D12: =Assumptions!D4 -> 3 | E12: =Assumptions!E4 -> 4
A13: No. of lactations per animal | B13: Nos | C13: =Assumptions!C5 -> 5 | D13: =Assumptions!D5 -> 5 | E13: =Assumptions!E5 -> 5
A14: Anuual Increase in milk yield | B14: % | C14: =Assumptions!C6 -> 0.01 | D14: =Assumptions!D6 -> 0.01 | E14: =Assumptions!E6 -> 0.01
A15: Calving rate over pregnancy | C15: =Assumptions!C7 -> 0.9 | D15: =Assumptions!D7 -> 0.9 | E15: =Assumptions!E7 -> 0.9
A16: female calves alive rate | C16: =Assumptions!C8 -> 0.9 | D16: =Assumptions!D8 -> 0.9 | E16: =Assumptions!E8 -> 0.9 | G16: =514/C11 -> 0.65927864 | H16: =514/G11 -> 0.35741604
A17: Breed-wise Composition of AI done | B17: % | C17: 0.35 | D17: 0.35 | E17: =Assumptions!E9 -> 0.3 | G17: =+G16/15 -> 0.043951909 | H17: =+H16/15 -> 0.023827736
C19: Without NDSP | D19: With NDSP
A20: Conception rate | C20: =Assumptions!B14 -> 0.35 | D20: =Assumptions!C14 -> 0.45
A22: Lactation Period | B22: days | C22: =+Assumptions!C26 -> 305 | D22: =+Assumptions!D26 -> 305 | E22: =+Assumptions!E26 -> 305
A24: AI centres (Incremental) | B24: Nos. | C24: 700 | D24: 640 | E24: 840 | F24: 420 | G24: 400 | H24: 0 | I24: 0 | J24: 0 | K24: 0 | L24: 0 | M24: 0 | N24: 0 | O24: 0 | P24: 0 | Q24: 0 | R24: 0 | S24: 0 | T24: 0 | U24: 0 | V24: 0 | W24: 0 | X24: 0 | Y24: 0 | Z24: 0 | AA24: 0 | AB24: 0
A25: AI Nos. | B25: Lakhs | C25: 3.8 | D25: 8.7 | E25: 16.1 | F25: 23.4 | G25: 31.9 | H25: 38.5 | I25: =H25 -> 38.5 | J25: =I25 -> 38.5 | K25: =J25 -> 38.5 | L25: =K25 -> 38.5 | M25: =L25 -> 38.5 | N25: =M25 -> 38.5 | O25: =N25 -> 38.5 | P25: =O25 -> 38.5 | ... AB25: =AA25 -> 38.5
A26: AI Nos. | B26: Nos. | C26: =C25*100000 -> 380000 | D26: =D25*100000 -> 870000 | E26: =E25*100000 -> 1610000 | F26: =F25*100000 -> 2340000 | G26: =G25*100000 -> 3190000 | H26: =H25*100000 -> 3850000 | I26: =I25*100000 -> 3850000 | J26: =J25*100000 -> 3850000 | ... AB26: =AB25*100000 -> 3850000
C28: Without NDSP | D28: With NDSP | E28: Difference
A29: INDIGENOUS COWS
A30: AI Nos. | B30: Nos. | C30: =C26*$C$17 -> 133000 | D30: =D26*$C$17 -> 304500 | E30: =E26*$C$17 -> 563500 | F30: =F26*$C$17 -> 819000 | G30: =G26*$C$17 -> 1116500 | H30: =H26*$C$17 -> 1347500 | I30: =I26*$C$17 -> 1347500 | J30: =J26*$C$17 -> 1347500 | ... AB30: =AB26*$C$17 -> 1347500
A31: Inter-Calving period | C31: =280+60+((1/C20)-1)*22 -> 380.85714 | D31: =280+60+((1/D20)-1)*22 -> 366.88889 | E31: =C31-D31 -> 13.968254
A33: Impact of Increase in Conception rate
A34: Avg, Milk produced per day | B34: litres | C34: =C11/C22 -> 2.5561967
A35: Increase in milk production due to reduction in inter-calving period per animal | B35: litres | C35: =C34*E31 -> 35.705605
A36: Animals calved successfully | B36: Nos | D36: =C30*$D$20*$C$15*365/$D$31 -> 53587.682 | E36: =(D30*$D$20*$C$15*365/$D$31)+(C30*$D$20*$C$15*($D$31-365)/$D$31) -> 122964.91 | F36: =(E30*$D$20*$C$15*365/$D$31)+(D30*$D$20*$C$15*($D$31-365)/$D$31) -> 227677.46 | G36: =(F30*$D$20*$C$15*365/$D$31)+(E30*$D$20*$C$15*($D$31-365)/$D$31) -> 331162.26 | H36: =(G30*$D$20*$C$15*365/$D$31)+(F30*$D$20*$C$15*($D$31-365)/$D$31) -> 451562.18 | I36: =(H30*$D$20*$C$15*365/$D$31)+(G30*$D$20*$C$15*($D$31-365)/$D$31) -> 545255.84 | J36: =(I30*$D$20*$C$15*365/$D$31)+(H30*$D$20*$C$15*($D$31-365)/$D$31) -> 545737.5 | K36: =(J30*$D$20*$C$15*365/$D$31)+(I30*$D$20*$C$15*($D$31-365)/$D$31) -> 545737.5 | L36: =(K30*$D$20*$C$15*365/$D$31)+(J30*$D$20*$C$15*($D$31-365)/$D$31) -> 545737.5 | ... AB36: =(AA30*$D$20*$C$15*365/$D$31)+(Z30*$D$20*$C$15*($D$31-365)/$D$31) -> 545737.5
A37: Increase in milk production due to reduction in inter-calving period | B37: '000 Tonnes | D37: =D36*$C$35*1.03/1000/1000 -> 1.970782 | E37: =E36*$C$35*1.03/1000/1000 -> 4.5222524 | F37: =F36*$C$35*1.03/1000/1000 -> 8.3732423 | G37: =G36*$C$35*1.03/1000/1000 -> 12.179079 | H37: =H36*$C$35*1.03/1000/1000 -> 16.607 | I37: =I36*$C$35*1.03/1000/1000 -> 20.05275 | J37: =J36*$C$35*1.03/1000/1000 -> 20.070464 | K37: =K36*$C$35*1.03/1000/1000 -> 20.070464 | ... AB37: =AB36*$C$35*1.03/1000/1000 -> 20.070464
A39: Impact of better genetics
A40: Indig. Daughters born | B40: Lakhs | D40: =D36/2/100000*$C$16*Assumptions!$C$10 -> 0.12057228 | E40: =E36/2/100000*$C$16*Assumptions!$C$10 -> 0.27667104 | F40: =F36/2/100000*$C$16*Assumptions!$C$10 -> 0.51227428 | G40: =G36/2/100000*$C$16*Assumptions!$C$10 -> 0.74511508 | H40: =H36/2/100000*$C$16*Assumptions!$C$10 -> 1.0160149 | I40: =I36/2/100000*$C$16*Assumptions!$C$10 -> 1.2268256 | J40: =J36/2/100000*$C$16*Assumptions!$C$10 -> 1.2279094 | K40: =K36/2/100000*$C$16*Assumptions!$C$10 -> 1.2279094 | ... AB40: =AB36/2/100000*$C$16*Assumptions!$C$10 -> 1.2279094
A41: CB Daughters born | B41: Lakhs | D41: =D36/2/100000*$C$16*Assumptions!$C$11 -> 0.12057228 | E41: =E36/2/100000*$C$16*Assumptions!$C$11 -> 0.27667104 | F41: =F36/2/100000*$C$16*Assumptions!$C$11 -> 0.51227428 | G41: =G36/2/100000*$C$16*Assumptions!$C$11 -> 0.74511508 | H41: =H36/2/100000*$C$16*Assumptions!$C$11 -> 1.0160149 | I41: =I36/2/100000*$C$16*Assumptions!$C$11 -> 1.2268256 | J41: =J36/2/100000*$C$16*Assumptions!$C$11 -> 1.2279094 | K41: =K36/2/100000*$C$16*Assumptions!$C$11 -> 1.2279094 | ... AB41: =AB36/2/100000*$C$16*Assumptions!$C$11 -> 1.2279094
A42: WOP Yield | C42: 0.002 | H42: =+C11*(1+$C$42*5) -> 787.4364 | I42: =+H42*(1+$C$42) -> 789.01127 | J42: =+I42*(1+$C$42) -> 790.5893 | K42: =+J42*(1+$C$42) -> 792.17047 | L42: =+K42*(1+$C$42) -> 793.75481 | M42: =+L42*(1+$C$42) -> 795.34232 | N42: =+M42*(1+$C$42) -> 796.93301 | O42: =+N42*(1+$C$42) -> 798.52688 | P42: =+O42*(1+$C$42) -> 800.12393 | ... AB42: =+AA42*(1+$C$42) -> 819.53955
A43: Indig. Daughters calved & in milk | B43: Lakhs | H43: =D40 -> 0.12057228 | I43: =SUM(D40:E40) -> 0.39724332 | J43: =SUM(D40:F40) -> 0.9095176 | K43: =SUM(D40:G40) -> 1.6546327 | L43: =SUM(D40:H40) -> 2.6706476 | M43: =SUM(E40:I40) -> 3.776901 | N43: =SUM(F40:J40) -> 4.7281393 | O43: =SUM(G40:K40) -> 5.4437744 | P43: =SUM(H40:L40) -> 5.9265687 | Q43: =SUM(I40:M40) -> 6.1384631 | R43: =SUM(J40:N40) -> 6.1395469 | S43: =SUM(K40:O40) -> 6.1395469 | ... AB43: =SUM(T40:X40) -> 6.1395469
A44: Year wise Avg. lactation yield of Indig. Daughters | B44: litres | H44: =(1+$C$14*5)*C11 -> 818.622 | I44: =(1+$C$14)*H44 -> 826.80822 | J44: =(1+$C$14)*I44 -> 835.0763 | K44: =(1+$C$14)*J44 -> 843.42707 | L44: =(1+$C$14)*K44 -> 851.86134 | M44: =(1+$C$14)*L44 -> 860.37995 | N44: =(1+$C$14)*M44 -> 868.98375 | O44: =(1+$C$14)*N44 -> 877.67359 | P44: =(1+$C$14)*O44 -> 886.45032 | ... AB44: =(1+$C$14)*AA44 -> 998.87441
A45: Increase in lactation yield of Indig, daughters with respect to base population | B45: litres | H45: =+H44-H42 -> 31.1856 | I45: =+I44-I42 -> 37.796947 | J45: =+J44-J42 -> 44.487007 | K45: =+K44-K42 -> 51.256591 | L45: =+L44-L42 -> 58.106521 | M45: =+M44-M42 -> 65.037625 | N45: =+N44-N42 -> 72.05074 | O45: =+O44-O42 -> 79.146711 | ... AB45: =+AB44-AB42 -> 179.33486
A47: Incrmntl Milk production Matrix
A48: 1st lactation | B48: litres | H48: =H$45*D$40*100000 -> 376011.9 | I48: =I$45*E$40*100000 -> 1045732.1 | J48: =J$45*F$40*100000 -> 2278955 | K48: =K$45*G$40*100000 -> 3819205.9 | L48: =L$45*H$40*100000 -> 5903709.2 | M48: =M$45*I$40*100000 -> 7978982.6 | N48: =N$45*J$40*100000 -> 8847177.9 | O48: =O$45*K$40*100000 -> 9718498.8 | ... AB48: =AB$45*X$40*100000 -> 22020696
A49: 2nd lactation | B49: litres | I49: =H$45*D$40*100000 -> 376011.9 | J49: =I$45*E$40*100000 -> 1045732.1 | K49: =J$45*F$40*100000 -> 2278955 | L49: =K$45*G$40*100000 -> 3819205.9 | M49: =L$45*H$40*100000 -> 5903709.2 | N49: =M$45*I$40*100000 -> 7978982.6 | O49: =N$45*J$40*100000 -> 8847177.9 | P49: =O$45*K$40*100000 -> 9718498.8 | ... AB49: =AA$45*W$40*100000 -> 21007175
A50: 3rd lactation | B50: litres | J50: =H$45*D$40*100000 -> 376011.9 | K50: =I$45*E$40*100000 -> 1045732.1 | L50: =J$45*F$40*100000 -> 2278955 | M50: =K$45*G$40*100000 -> 3819205.9 | N50: =L$45*H$40*100000 -> 5903709.2 | O50: =M$45*I$40*100000 -> 7978982.6 | P50: =N$45*J$40*100000 -> 8847177.9 | Q50: =O$45*K$40*100000 -> 9718498.8 | ... AB50: =Z$45*V$40*100000 -> 20005276
A51: 4th lactation | B51: litres | K51: =H$45*D$40*100000 -> 376011.9 | L51: =I$45*E$40*100000 -> 1045732.1 | M51: =J$45*F$40*100000 -> 2278955 | N51: =K$45*G$40*100000 -> 3819205.9 | O51: =L$45*H$40*100000 -> 5903709.2 | P51: =M$45*I$40*100000 -> 7978982.6 | Q51: =N$45*J$40*100000 -> 8847177.9 | R51: =O$45*K$40*100000 -> 9718498.8 | ... AB51: =Y$45*U$40*100000 -> 19014882
A52: 5th lactation | B52: litres | L52: =H$45*D$40*100000 -> 376011.9 | M52: =I$45*E$40*100000 -> 1045732.1 | N52: =J$45*F$40*100000 -> 2278955 | O52: =K$45*G$40*100000 -> 3819205.9 | P52: =L$45*H$40*100000 -> 5903709.2 | Q52: =M$45*I$40*100000 -> 7978982.6 | R52: =N$45*J$40*100000 -> 8847177.9 | S52: =O$45*K$40*100000 -> 9718498.8 | ... AB52: =X$45*T$40*100000 -> 18035876
A53: Total | B53: litres | H53: =SUM(H48:H52) -> 376011.9 | I53: =SUM(I48:I52) -> 1421744 | J53: =SUM(J48:J52) -> 3700698.9 | K53: =SUM(K48:K52) -> 7519904.8 | L53: =SUM(L48:L52) -> 13423614 | M53: =SUM(M48:M52) -> 21026585 | N53: =SUM(N48:N52) -> 28828030 | O53: =SUM(O48:O52) -> 36267574 | ... AB53: =SUM(AB48:AB52) -> 1.000839e+08
A55: Incrmntl. Milk production due to higher genetic Indig. daughters | B55: '000 Tonnes | H55: =H53*(365/$D$31)*1.03/1000/1000 -> 0.38529833 | I55: =((H53*($D$31-365)/$D$31)+(I53*(365/$D$31)))*1.03/1000/1000 -> 1.4588509 | J55: =((I53*($D$31-365)/$D$31)+(J53*(365/$D$31)))*1.03/1000/1000 -> 3.7996349 | K55: =((J53*($D$31-365)/$D$31)+(K53*(365/$D$31)))*1.03/1000/1000 -> 7.7252493 | L55: =((K53*($D$31-365)/$D$31)+(L53*(365/$D$31)))*1.03/1000/1000 -> 13.795016 | M55: =((L53*($D$31-365)/$D$31)+(M53*(365/$D$31)))*1.03/1000/1000 -> 21.617065 | N55: =((M53*($D$31-365)/$D$31)+(N53*(365/$D$31)))*1.03/1000/1000 -> 29.651502 | O55: =((N53*($D$31-365)/$D$31)+(O53*(365/$D$31)))*1.03/1000/1000 -> 37.316151 | P55: =((O53*($D$31-365)/$D$31)+(P53*(365/$D$31)))*1.03/1000/1000 -> 44.303963 | ... AB55: =((AA53*($D$31-365)/$D$31)+(AB53*(365/$D$31)))*1.03/1000/1000 -> 103.06016
A57: CB Daughters calved & in-milk | B57: Lakhs | G57: =D41 -> 0.12057228 | H57: =SUM(D41:E41) -> 0.39724332 | I57: =SUM(D41:F41) -> 0.9095176 | J57: =SUM(D41:G41) -> 1.6546327 | K57: =SUM(D41:H41) -> 2.6706476 | L57: =SUM(E41:I41) -> 3.776901 | M57: =SUM(F41:J41) -> 4.7281393 | N57: =SUM(G41:K41) -> 5.4437744 | O57: =SUM(H41:L41) -> 5.9265687 | P57: =SUM(I41:M41) -> 6.1384631 | Q57: =SUM(J41:N41) -> 6.1395469 | R57: =SUM(K41:O41) -> 6.1395469 | ... AB57: =SUM(U41:Y41) -> 6.1395469
A58: Year wise Avg. lactation yield of CB Daughters | B58: litres | G58: =$D$11 -> 2507.185 | H58: =$D$11 -> 2507.185 | I58: =$D$11 -> 2507.185 | J58: =$D$11 -> 2507.185 | K58: =$D$11 -> 2507.185 | L58: =$D$11 -> 2507.185 | M58: =$D$11 -> 2507.185 | N58: =$D$11 -> 2507.185 | ... AB58: =$D$11 -> 2507.185
A59: Increase in lactation yield of CB daughters with respect to base population | B59: litres | G59: =+G58-$C$11 -> 1727.545 | H59: =+H58-$C$11 -> 1727.545 | I59: =+I58-$C$11 -> 1727.545 | J59: =+J58-$C$11 -> 1727.545 | K59: =+K58-$C$11 -> 1727.545 | L59: =+L58-$C$11 -> 1727.545 | M59: =+M58-$C$11 -> 1727.545 | N59: =+N58-$C$11 -> 1727.545 | ... AB59: =+AB58-$C$11 -> 1727.545
A61: Incrmntl Milk production Matrix
A62: 1st lactation | B62: litres | G62: =D41*G59*100000 -> 20829405 | H62: =E41*H59*100000 -> 47796167 | I62: =F41*I59*100000 -> 88497688 | J62: =G41*J59*100000 -> 1.2872198e+08 | K62: =H41*K59*100000 -> 1.7552115e+08 | L62: =I41*L59*100000 -> 2.1193965e+08 | M62: =J41*M59*100000 -> 2.1212687e+08 | N62: =K41*N59*100000 -> 2.1212687e+08 | ... AB62: =Y41*AB59*100000 -> 2.1212687e+08
A63: 2nd lactation | B63: litres | H63: =D41*G59*100000 -> 20829405 | I63: =E41*H59*100000 -> 47796167 | J63: =F41*I59*100000 -> 88497688 | K63: =G41*J59*100000 -> 1.2872198e+08 | L63: =H41*K59*100000 -> 1.7552115e+08 | M63: =I41*L59*100000 -> 2.1193965e+08 | N63: =J41*M59*100000 -> 2.1212687e+08 | O63: =K41*N59*100000 -> 2.1212687e+08 | ... AB63: =X41*AA59*100000 -> 2.1212687e+08
A64: 3rd lactation | B64: litres | I64: =D41*G59*100000 -> 20829405 | J64: =E41*H59*100000 -> 47796167 | K64: =F41*I59*100000 -> 88497688 | L64: =G41*J59*100000 -> 1.2872198e+08 | M64: =H41*K59*100000 -> 1.7552115e+08 | N64: =I41*L59*100000 -> 2.1193965e+08 | O64: =J41*M59*100000 -> 2.1212687e+08 | P64: =K41*N59*100000 -> 2.1212687e+08 | ... AB64: =W41*Z59*100000 -> 2.1212687e+08
A65: 4th lactation | B65: litres | J65: =D41*G59*100000 -> 20829405 | K65: =E41*H59*100000 -> 47796167 | L65: =F41*I59*100000 -> 88497688 | M65: =G41*J59*100000 -> 1.2872198e+08 | N65: =H41*K59*100000 -> 1.7552115e+08 | O65: =I41*L59*100000 -> 2.1193965e+08 | P65: =J41*M59*100000 -> 2.1212687e+08 | Q65: =K41*N59*100000 -> 2.1212687e+08 | ... AB65: =V41*Y59*100000 -> 2.1212687e+08
A66: 5th lactation | B66: litres | K66: =D41*G59*100000 -> 20829405 | L66: =E41*H59*100000 -> 47796167 | M66: =F41*I59*100000 -> 88497688 | N66: =G41*J59*100000 -> 1.2872198e+08 | O66: =H41*K59*100000 -> 1.7552115e+08 | P66: =I41*L59*100000 -> 2.1193965e+08 | Q66: =J41*M59*100000 -> 2.1212687e+08 | R66: =K41*N59*100000 -> 2.1212687e+08 | ... AB66: =U41*X59*100000 -> 2.1212687e+08
A67: Total | B67: litres | G67: =SUM(G62:G66) -> 20829405 | H67: =SUM(H62:H66) -> 68625571 | I67: =SUM(I62:I66) -> 1.5712326e+08 | J67: =SUM(J62:J66) -> 2.8584524e+08 | K67: =SUM(K62:K66) -> 4.6136639e+08 | L67: =SUM(L62:L66) -> 6.5247664e+08 | M67: =SUM(M62:M66) -> 8.1680734e+08 | N67: =SUM(N62:N66) -> 9.4043652e+08 | ... AB67: =SUM(AB62:AB66) -> 1.0606344e+09
A69: Incrmtl. Milk production due to CB daughters | B69: '000 Tonnes | G69: =G67*(365/$D$31)*1.03/1000/1000 -> 21.343832 | H69: =((G67*($D$31 -365)/$D$31)+(H67*365/$D$31))*1.03/1000/1000 -> 70.430883 | I69: =((H67*($D$31 -365)/$D$31)+(I67*365/$D$31))*1.03/1000/1000 -> 161.36767 | J69: =((I67*($D$31 -365)/$D$31)+(J67*365/$D$31))*1.03/1000/1000 -> 293.73801 | K69: =((J67*($D$31 -365)/$D$31)+(K67*365/$D$31))*1.03/1000/1000 -> 474.27662 | L69: =((K67*($D$31 -365)/$D$31)+(L67*365/$D$31))*1.03/1000/1000 -> 671.03751 | M69: =((L67*($D$31 -365)/$D$31)+(M67*365/$D$31))*1.03/1000/1000 -> 840.44014 | N69: =((M67*($D$31 -365)/$D$31)+(N67*365/$D$31))*1.03/1000/1000 -> 967.99403 | O69: =((N67*($D$31 -365)/$D$31)+(O67*365/$D$31))*1.03/1000/1000 -> 1054.1144 | ... AB69: =((AA67*($D$31 -365)/$D$31)+(AB67*365/$D$31))*1.03/1000/1000 -> 1092.4534
A71: Incrmntl. Milk production due to better genetics | B71: '000 Tonnes | G71: =G69+G55 -> 21.343832 | H71: =H69+H55 -> 70.816181 | I71: =I69+I55 -> 162.82652 | J71: =J69+J55 -> 297.53764 | K71: =K69+K55 -> 482.00187 | L71: =L69+L55 -> 684.83252 | M71: =M69+M55 -> 862.0572 | N71: =N69+N55 -> 997.64553 | ... AB71: =AB69+AB55 -> 1195.5135
A73: Incremntl milk production due to AI & LN delivery systems, semen production & Bull production (INDIG. COWS) | B73: '000 Tonnes | D73: =D71+D37 -> 1.970782 | E73: =E71+E37 -> 4.5222524 | F73: =F71+F37 -> 8.3732423 | G73: =G71+G37 -> 33.522911 | H73: =H71+H37 -> 87.423181 | I73: =I71+I37 -> 182.87927 | J73: =J71+J37 -> 317.60811 | K73: =K71+K37 -> 502.07233 | ... AB73: =AB71+AB37 -> 1215.584
A75: CROSSBRED COWS
A76: AI Nos. | B76: Nos. | C76: =C26*$D$17 -> 133000 | D76: =D26*$D$17 -> 304500 | E76: =E26*$D$17 -> 563500 | F76: =F26*$D$17 -> 819000 | G76: =G26*$D$17 -> 1116500 | H76: =H26*$D$17 -> 1347500 | I76: =I26*$D$17 -> 1347500 | J76: =J26*$D$17 -> 1347500 | ... AB76: =AB26*$D$17 -> 1347500
A77: Inter-Calving period | C77: =280+60+((1/C20)-1)*22 -> 380.85714 | D77: =280+60+((1/D20)-1)*22 -> 366.88889 | E77: =C77-D77 -> 13.968254
A79: Impact of Increase in Conception rate
A80: Avg, Milk produced per day | B80: litres | C80: =D11/D22 -> 8.2202787
A81: Increase in milk production due to reduction in inter-calving period per animal | B81: litres | C81: =C80*E77 -> 114.82294
A82: Animals calved successfully | B82: Nos | D82: =C76*$D$20*$D$15*365/$D$77 -> 53587.682 | E82: =(D76*$D$20*$D$15*(365/$D$77))+(C76*$D$20*$D$15*($D$77-365)/$D$77) -> 122964.91 | F82: =(E76*$D$20*$D$15*(365/$D$77))+(D76*$D$20*$D$15*($D$77-365)/$D$77) -> 227677.46 | G82: =(F76*$D$20*$D$15*(365/$D$77))+(E76*$D$20*$D$15*($D$77-365)/$D$77) -> 331162.26 | H82: =(G76*$D$20*$D$15*(365/$D$77))+(F76*$D$20*$D$15*($D$77-365)/$D$77) -> 451562.18 | I82: =(H76*$D$20*$D$15*(365/$D$77))+(G76*$D$20*$D$15*($D$77-365)/$D$77) -> 545255.84 | J82: =(I76*$D$20*$D$15*(365/$D$77))+(H76*$D$20*$D$15*($D$77-365)/$D$77) -> 545737.5 | K82: =(J76*$D$20*$D$15*(365/$D$77))+(I76*$D$20*$D$15*($D$77-365)/$D$77) -> 545737.5 | L82: =(K76*$D$20*$D$15*(365/$D$77))+(J76*$D$20*$D$15*($D$77-365)/$D$77) -> 545737.5 | ... AB82: =(AA76*$D$20*$D$15*(365/$D$77))+(Z76*$D$20*$D$15*($D$77-365)/$D$77) -> 545737.5
A83: Increase in milk production due to reduction in inter-calving period | B83: '000 Tonnes | D83: =D82*$C$81*1.03/1000/1000 -> 6.337688 | E83: =E82*$C$81*1.03/1000/1000 -> 14.542768 | F83: =F82*$C$81*1.03/1000/1000 -> 26.926873 | G83: =G82*$C$81*1.03/1000/1000 -> 39.165775 | H83: =H82*$C$81*1.03/1000/1000 -> 53.405189 | I83: =I82*$C$81*1.03/1000/1000 -> 64.486115 | J83: =J82*$C$81*1.03/1000/1000 -> 64.54308 | K83: =K82*$C$81*1.03/1000/1000 -> 64.54308 | ... AB83: =AB82*$C$81*1.03/1000/1000 -> 64.54308
A84: WOP
A85: Impact of better genetics
A86: Daughters born | B86: Lakhs | D86: =D82/2/100000*$D$16 -> 0.24114457 | E86: =E82/2/100000*$D$16 -> 0.55334207 | F86: =F82/2/100000*$D$16 -> 1.0245486 | G86: =G82/2/100000*$D$16 -> 1.4902302 | H86: =H82/2/100000*$D$16 -> 2.0320298 | I86: =I82/2/100000*$D$16 -> 2.4536513 | J86: =J82/2/100000*$D$16 -> 2.4558187 | K86: =K82/2/100000*$D$16 -> 2.4558187 | ... AB86: =AB82/2/100000*$D$16 -> 2.4558187
A87: Daughters calved & in milk | B87: Lakhs | G87: =D86 -> 0.24114457 | H87: =SUM(D86:E86) -> 0.79448664 | I87: =SUM(D86:F86) -> 1.8190352 | J87: =SUM(D86:G86) -> 3.3092654 | K87: =SUM(D86:H86) -> 5.3412952 | L87: =SUM(E86:I86) -> 7.5538019 | M87: =SUM(F86:J86) -> 9.4562786 | N87: =SUM(G86:K86) -> 10.887549 | O87: =SUM(H86:L86) -> 11.853137 | P87: =SUM(I86:M86) -> 12.276926 | Q87: =SUM(J86:N86) -> 12.279094 | R87: =SUM(K86:O86) -> 12.279094 | ... AB87: =SUM(U86:Y86) -> 12.279094
A88: Year wise Avg. lactation yield of CB Daughters | B88: litres | G88: =(1+$D$14*5)*D11 -> 2632.5442 | H88: =(1+$D$14)*G88 -> 2658.8697 | I88: =(1+$D$14)*H88 -> 2685.4584 | J88: =(1+$D$14)*I88 -> 2712.313 | K88: =(1+$D$14)*J88 -> 2739.4361 | L88: =(1+$D$14)*K88 -> 2766.8305 | M88: =(1+$D$14)*L88 -> 2794.4988 | N88: =(1+$D$14)*M88 -> 2822.4438 | O88: =(1+$D$14)*N88 -> 2850.6682 | ... AB88: =(1+$D$14)*AA88 -> 3244.3263
A89: Increase in lactation yield of CB daughters with respect to base population | B89: litres | G89: =G88-$D$11 -> 125.35925 | H89: =H88-$D$11 -> 151.68469 | I89: =I88-$D$11 -> 178.27339 | J89: =J88-$D$11 -> 205.12797 | K89: =K88-$D$11 -> 232.2511 | L89: =L88-$D$11 -> 259.64546 | M89: =M88-$D$11 -> 287.31377 | N89: =N88-$D$11 -> 315.25876 | ... AB89: =AB88-$D$11 -> 737.14132
H90: =+H88/G88 -> 1.01
A91: Incrmntl Milk production Matrix
A92: 1st lactation | B92: litres | G92: =G89*D86*100000 -> 3022970.2 | H92: =H89*E86*100000 -> 8393352.2 | I92: =I89*F86*100000 -> 18264975 | J92: =J89*G86*100000 -> 30568789 | K92: =K89*H86*100000 -> 47194117 | L92: =L89*I86*100000 -> 63707943 | M92: =M89*J86*100000 -> 70559054 | N92: =N89*K86*100000 -> 77421837 | ... AB92: =AB89*Y86*100000 -> 1.8102855e+08
A93: 2nd lactation | B93: litres | H93: =G89*D86*100000 -> 3022970.2 | I93: =H89*E86*100000 -> 8393352.2 | J93: =I89*F86*100000 -> 18264975 | K93: =J89*G86*100000 -> 30568789 | L93: =K89*H86*100000 -> 47194117 | M93: =L89*I86*100000 -> 63707943 | N93: =M89*J86*100000 -> 70559054 | O93: =N89*K86*100000 -> 77421837 | ... AB93: =AA89*X86*100000 -> 1.7313996e+08
A94: 3rd lactation | B94: litres | I94: =G89*D86*100000 -> 3022970.2 | J94: =H89*E86*100000 -> 8393352.2 | K94: =I89*F86*100000 -> 18264975 | L94: =J89*G86*100000 -> 30568789 | M94: =K89*H86*100000 -> 47194117 | N94: =L89*I86*100000 -> 63707943 | O94: =M89*J86*100000 -> 70559054 | P94: =N89*K86*100000 -> 77421837 | ... AB94: =Z89*W86*100000 -> 1.6532947e+08
A95: 4th lactation | B95: litres | J95: =G89*D86*100000 -> 3022970.2 | K95: =H89*E86*100000 -> 8393352.2 | L95: =I89*F86*100000 -> 18264975 | M95: =J89*G86*100000 -> 30568789 | N95: =K89*H86*100000 -> 47194117 | O95: =L89*I86*100000 -> 63707943 | P95: =M89*J86*100000 -> 70559054 | Q95: =N89*K86*100000 -> 77421837 | ... AB95: =Y89*V86*100000 -> 1.5759631e+08
A96: 5th lactation | B96: litres | K96: =G89*D86*100000 -> 3022970.2 | L96: =H89*E86*100000 -> 8393352.2 | M96: =I89*F86*100000 -> 18264975 | N96: =J89*G86*100000 -> 30568789 | O96: =K89*H86*100000 -> 47194117 | P96: =L89*I86*100000 -> 63707943 | Q96: =M89*J86*100000 -> 70559054 | R96: =N89*K86*100000 -> 77421837 | ... AB96: =X89*U86*100000 -> 1.4993972e+08
A97: Total | B97: litres | G97: =SUM(G92:G96) -> 3022970.2 | H97: =SUM(H92:H96) -> 11416322 | I97: =SUM(I92:I96) -> 29681297 | J97: =SUM(J92:J96) -> 60250086 | K97: =SUM(K92:K96) -> 1.074442e+08 | L97: =SUM(L92:L96) -> 1.6812918e+08 | M97: =SUM(M92:M96) -> 2.3029488e+08 | N97: =SUM(N92:N96) -> 2.8945174e+08 | ... AB97: =SUM(AB92:AB96) -> 8.2703401e+08
A99: Increntl. milk production due to better genetics | B99: '000 Tonnes | G99: =G97*(365/$D$77)*1.03/1000/1000 -> 3.097629 | H99: =((G97*($D$77-365)/$D$77)+(H97*365/$D$77))*1.03/1000/1000 -> 11.714303 | I99: =((H97*($D$77-365)/$D$77)+(I97*365/$D$77))*1.03/1000/1000 -> 30.47488 | J99: =((I97*($D$77-365)/$D$77)+(J97*365/$D$77))*1.03/1000/1000 -> 61.895487 | K99: =((J97*($D$77-365)/$D$77)+(K97*365/$D$77))*1.03/1000/1000 -> 110.41727 | L99: =((K97*($D$77-365)/$D$77)+(L97*365/$D$77))*1.03/1000/1000 -> 172.85125 | M99: =((L97*($D$77-365)/$D$77)+(M97*365/$D$77))*1.03/1000/1000 -> 236.87407 | N99: =((M97*($D$77-365)/$D$77)+(N97*365/$D$77))*1.03/1000/1000 -> 297.82159 | O99: =((N97*($D$77-365)/$D$77)+(O97*365/$D$77))*1.03/1000/1000 -> 353.24807 | ... AB99: =((AA97*($D$77-365)/$D$77)+(AB97*365/$D$77))*1.03/1000/1000 -> 851.63997
A101: Incrmntl. Milk production due to AI & LN delivery systems, semen production & Bull production (CROSSBRED COWS) | B101: '000 Tonnes | C101: =C99+C83 -> 0 | D101: =D99+D83 -> 6.337688 | E101: =E99+E83 -> 14.542768 | F101: =F99+F83 -> 26.926873 | G101: =G99+G83 -> 42.263404 | H101: =H99+H83 -> 65.119492 | I101: =I99+I83 -> 94.960995 | J101: =J99+J83 -> 126.43857 | ... AB101: =AB99+AB83 -> 916.18305
A104: BUFFALOES
A105: AI Nos. | B105: Nos. | C105: =C26*$E$17 -> 114000 | D105: =D26*$E$17 -> 261000 | E105: =E26*$E$17 -> 483000 | F105: =F26*$E$17 -> 702000 | G105: =G26*$E$17 -> 957000 | H105: =H26*$E$17 -> 1155000 | I105: =I26*$E$17 -> 1155000 | J105: =J26*$E$17 -> 1155000 | ... AB105: =AB26*$E$17 -> 1155000
A106: Inter-Calving period | C106: =310+60+((1/C20)-1)*22 -> 410.85714 | D106: =310+60+((1/D20)-1)*22 -> 396.88889 | E106: =C106-D106 -> 13.968254
A108: Impact of Increase in Conception rate
A109: Avg, Milk produced per day | B109: litres | C109: =E11/E22 -> 5.4702131
A110: Increase in milk production due to reduction in inter-calving period per animal | B110: litres | C110: =C109*E106 -> 76.409326
A111: Animals calved successfully | B111: Nos | D111: =C105*$D$20*$E$15*365/$D$106 -> 42460.372 | E111: =((D105*$D$20*$E$15*(365/$D$106))+(C105*$D$20*$E$15*($D$106-365)/$D$106)) -> 100921.53 | F111: =((E105*$D$20*$E$15*(365/$D$106))+(D105*$D$20*$E$15*($D$106-365)/$D$106)) -> 188390.99 | G111: =((F105*$D$20*$E$15*(365/$D$106))+(E105*$D$20*$E$15*($D$106-365)/$D$106)) -> 277183.61 | H111: =((G105*$D$20*$E$15*(365/$D$106))+(F105*$D$20*$E$15*($D$106-365)/$D$106)) -> 379287.15 | I111: =((H105*$D$20*$E$15*(365/$D$106))+(G105*$D$20*$E$15*($D$106-365)/$D$106)) -> 461331.96 | J111: =((I105*$D$20*$E$15*(365/$D$106))+(H105*$D$20*$E$15*($D$106-365)/$D$106)) -> 467775 | K111: =((J105*$D$20*$E$15*(365/$D$106))+(I105*$D$20*$E$15*($D$106-365)/$D$106)) -> 467775 | L111: =((K105*$D$20*$E$15*(365/$D$106))+(J105*$D$20*$E$15*($D$106-365)/$D$106)) -> 467775 | ... AB111: =((AA105*$D$20*$E$15*(365/$D$106))+(Z105*$D$20*$E$15*($D$106-365)/$D$106)) -> 467775
A112: Increase in milk production due to reduction in inter-calving period | B112: '000 Tonnes | D112: =D111*$C$110*1.03/1000/1000 -> 3.3416995 | E112: =E111*$C$110*1.03/1000/1000 -> 7.9426867 | F112: =F111*$C$110*1.03/1000/1000 -> 14.826673 | G112: =G111*$C$110*1.03/1000/1000 -> 21.814795 | H112: =H111*$C$110*1.03/1000/1000 -> 29.850508 | I112: =I111*$C$110*1.03/1000/1000 -> 36.307566 | J112: =J111*$C$110*1.03/1000/1000 -> 36.814644 | K112: =K111*$C$110*1.03/1000/1000 -> 36.814644 | ... AB112: =AB111*$C$110*1.03/1000/1000 -> 36.814644
A114: Impact of better genetics
A115: Daughters born | B115: Lakhs | D115: =D111/2/100000*$E$16 -> 0.19107168 | E115: =E111/2/100000*$E$16 -> 0.4541469 | F115: =F111/2/100000*$E$16 -> 0.84775945 | G115: =G111/2/100000*$E$16 -> 1.2473262 | H115: =H111/2/100000*$E$16 -> 1.7067922 | I115: =I111/2/100000*$E$16 -> 2.0759938 | J115: =J111/2/100000*$E$16 -> 2.1049875 | K115: =K111/2/100000*$E$16 -> 2.1049875 | ... AB115: =AB111/2/100000*$E$16 -> 2.1049875
A116: Daughters calved & in-milk | B116: Lakhs | H116: =D115 -> 0.19107168 | I116: =SUM(D115:E115) -> 0.64521857 | J116: =SUM(D115:F115) -> 1.492978 | K116: =SUM(D115:G115) -> 2.7403043 | L116: =SUM(D115:H115) -> 4.4470964 | M116: =SUM(E115:I115) -> 6.3320186 | N116: =SUM(F115:J115) -> 7.9828592 | O116: =SUM(G115:K115) -> 9.2400872 | P116: =SUM(H115:L115) -> 10.097749 | Q116: =SUM(I115:M115) -> 10.495944 | R116: =SUM(J115:N115) -> 10.524938 | S116: =SUM(K115:O115) -> 10.524938 | ... AB116: =SUM(T115:X115) -> 10.524938
A117: WOP
A118: Year wise Avg. lactation yield of CB Daughters | B118: litres | H118: =(1+$E$14*5)*E11 -> 1751.8357 | I118: =(1+$E$14)*H118 -> 1769.3541 | J118: =(1+$E$14)*I118 -> 1787.0476 | K118: =(1+$E$14)*J118 -> 1804.9181 | L118: =(1+$E$14)*K118 -> 1822.9673 | M118: =(1+$E$14)*L118 -> 1841.197 | N118: =(1+$E$14)*M118 -> 1859.6089 | O118: =(1+$E$14)*N118 -> 1878.205 | P118: =(1+$E$14)*O118 -> 1896.9871 | ... AB118: =(1+$E$14)*AA118 -> 2137.5725
A119: Increase in lactation yield of CB daughters with respect to base population | B119: litres | H119: =H118-$E$11 -> 83.42075 | I119: =I118-$E$11 -> 100.93911 | J119: =J118-$E$11 -> 118.63265 | K119: =K118-$E$11 -> 136.50313 | L119: =L118-$E$11 -> 154.55231 | M119: =M118-$E$11 -> 172.78198 | N119: =N118-$E$11 -> 191.19395 | O119: =O118-$E$11 -> 209.79004 | ... AB119: =AB118-$E$11 -> 469.15753
A121: Incrmntl Milk production Matrix
A122: 1st lactation | B122: litres | H122: =H119*D115*100000 -> 1593934.2 | I122: =I119*E115*100000 -> 4584118.2 | J122: =J119*F115*100000 -> 10057195 | K122: =K119*G115*100000 -> 17026393 | L122: =L119*H115*100000 -> 26378867 | M122: =M119*I115*100000 -> 35869432 | N122: =N119*J115*100000 -> 40246087 | O122: =O119*K115*100000 -> 44160541 | ... AB122: =AB119*X115*100000 -> 98757074
A123: 2nd lactation | B123: litres | I123: =H119*D115*100000 -> 1593934.2 | J123: =I119*E115*100000 -> 4584118.2 | K123: =J119*F115*100000 -> 10057195 | L123: =K119*G115*100000 -> 17026393 | M123: =L119*H115*100000 -> 26378867 | N123: =M119*I115*100000 -> 35869432 | O123: =N119*J115*100000 -> 40246087 | P123: =O119*K115*100000 -> 44160541 | ... AB123: =AA119*W115*100000 -> 94302061
...

Sheet Assumptions
A1: Assumptions | C1: Value
A2: Parameter | B2: Unit | C2: Indig. Cattle | D2: CB Cattle | E2: Buffaloes | F2: Source
A3: Avg. lactation yield as on Year 2008 | B3: litres | C3: =2.136*365 -> 779.64 | D3: =6.869*365 -> 2507.185 | E3: =4.571*365 -> 1668.415 | F3: MINUTES OF THE MEETING OF THE TECHNICAL COMMITTEE OF DIRECTION FOR IMPROVEMENT OF ANIMAL HUSBANDRY AND DAIRYING STATISTICS UNDER THE CHAIRMANSHIP OF SHRI S.K. DAS, DIRECTOR GENERAL (DG), CENTRAL STATISTICAL ORGANISATION (CSO) HELD DURING 4 th -5th OCTOBER, 2010 AT AGARTALA, TRIPURA : Source : http://dahd.nic.in/
A4: Age at first calving | B4: years | C4: 4 | D4: 3 | E4: 4 | F4: NDDB project records - Kankrej
A5: No. of lactations per animal | B5: Nos | C5: 5 | D5: 5 | E5: 5 | F5: Expert opinion
A6: Anuual Increase in milk yield | B6: % | C6: 0.01 | D6: 0.01 | E6: 0.01 | F6: References for Genetic Progress: 1. Rendel J M and Robertson A. 1950 J. Genetics 50, 1-8; 2. Cunningham. E.P 1979, The importance of continuous genetic progress in adapted breeds. Report of the FAO Expert Consultation on Dairy Cattle Breeding in the Humid Tropics; pp 35-41, FAO Rome; 3. Van Vleck L D 1981 In: New Technology in Animal Breeding 221-242; Acad. Press London; 4. I.L. Mason and V. Buvauendran, 1982. Breeding plans for ruminant livestock in the tropics – FAO (1982) (Chapter 1.1.2 Improvement within breeds); 5. Smith C., 1988 – Application of embryo transfer in Animal breeding. Theriogenology 29, 1, 203-212;
A7: Calving rate over pregnancy | C7: 0.9 | D7: 0.9 | E7: 0.9 | F7: Expert opinion
A8: female calves alive rate | C8: 0.9 | D8: 0.9 | E8: 0.9 | F8: Expert opinion
A9: % AI done on | B9: % | C9: =F22+(F21*1/3) -> 0.2 | D9: =F20+(F21*2/3) -> 0.5 | E9: =F23 -> 0.3 | F9: NDDB internal sources; and expert opinion
A10: Daughters (Indig. Cattle) born to Indig. Cattle | C10: =F22/C9 -> 0.5
A11: Daughters (CB Cattle) born to Indig. Cattle | C11: =100%-C10 -> 0.5
A13: Avg. Conception rate | B13: Without NDSP | C13: With NDSP
A14: AI, FSP & Bull production (All 3 from NDP) | B14: 0.35 | C14: 0.45 | D14: 0.05 | E14: 0.05 | F14: Expert opinion
A15: FSP & Bull production (NDP bulls in NDP semen station but Non NDP AI) | B15: 0.35 | C15: 0.38 | D15: 0.05 | E15: 0.05 | F15: Expert opinion
A16: Bull production Programme(NDP bulls in non-NDP semen station and Non-NDP AI) | B16: 0.35 | C16: 0.36 | D16: 0.05 | E16: 0.05 | F16: Expert opinion
A17: NDP SS+Non NDP bulls(Non-NDP bulls in NDP semen station but non-NDP AI) | B17: 0.35 | C17: 0.37 | D17: 0.05 | E17: 0.05 | F17: Expert opinion
F19: Frozen Semen Production trend (2008-09) | G19: used on cattle
E20: CB | F20: 0.3 | G20: CB
E21: Exotic | F21: 0.3 | G21: 66% onCB; 33% on Indig.
E22: Indig | F22: 0.1 | G22: Indig
E23: Buff | F23: 0.3 | G23: Buff
A26: Lactation Period | B26: Days | C26: 305 | D26: 305 | E26: 305

Sheet Summary
C1: Unit | E1: 2011-12 | F1: 2012-13 | G1: 2013-14 | H1: 2014-15 | I1: 2015-16 | J1: 2016-17 | K1: 2017-18 | L1: 2018-19 | M1: 2019-20 | N1: 2020-21 | O1: 2021-22 | P1: 2022-23 | Q1: 2023-24 | R1: 2024-25 | S1: 2025-26 | T1: 2026-27 | U1: 2027-28 | V1: 2028-29 | W1: 2029-30 | X1: 2030-31 | Y1: 2031-32 | Z1: 2032-33 | AA1: 2033-34 | AB1: 2034-35 | AC1: 2035-36
B35: Import of 400 bulls
B36: 28 Semen Stations for strengthening
B37: 2 New Semen Station of 10 million semen doses capacity
B38: 3000 AI centres to be newly established
B40: Impact of Genetic Improvement programme under NDSP
B41: Incrmntl. Milk production | E41: 2011-12 | F41: 2012-13 | G41: 2013-14 | H41: 2014-15 | I41: 2015-16 | J41: 2016-17 | K41: 2017-18 | L41: 2018-19 | M41: 2019-20 | N41: 2020-21 | O41: 2021-22 | P41: 2022-23 | Q41: 2023-24 | R41: 2024-25 | S41: 2025-26 | T41: 2026-27 | U41: 2027-28 | V41: 2028-29 | W41: 2029-30 | X41: 2030-31 | Y41: 2031-32 | Z41: 2032-33 | AA41: 2033-34 | AB41: 2034-35 | AC41: 2035-36
B42: 1. Due to reduction in Inter-calving period
B43: NDSP - bulls, NDSP-SS and NDSP-AI | C43: '000 tonnes of Milk | D43: Total | E43: =SUM(E44:E46) -> 0 | F43: =SUM(F44:F46) -> 11.65017 | G43: =SUM(G44:G46) -> 27.007707 | H43: =SUM(H44:H46) -> 50.126789 | I43: =SUM(I44:I46) -> 73.159649 | J43: =SUM(J44:J46) -> 99.862696 | K43: =SUM(K44:K46) -> 120.84643 | L43: =SUM(L44:L46) -> 121.42819 | ... AC43: =SUM(AC44:AC46) -> 121.42819
D44: Indigenous Cows | E44: 0 | F44: 1.970782 | G44: 4.5222524 | H44: 8.3732423 | I44: 12.179079 | J44: 16.607 | K44: 20.05275 | L44: 20.070464 | M44: 20.070464 | N44: 20.070464 | O44: 20.070464 | P44: 20.070464 | Q44: 20.070464 | R44: 20.070464 | S44: 20.070464 | T44: 20.070464 | U44: 20.070464 | V44: 20.070464 | W44: 20.070464 | X44: 20.070464 | Y44: 20.070464 | Z44: 20.070464 | AA44: 20.070464 | AB44: 20.070464 | AC44: 20.070464
D45: Cross Bred Cows | E45: 0 | F45: 6.337688 | G45: 14.542768 | H45: 26.926873 | I45: 39.165775 | J45: 53.405189 | K45: 64.486115 | L45: 64.54308 | M45: 64.54308 | N45: 64.54308 | O45: 64.54308 | P45: 64.54308 | Q45: 64.54308 | R45: 64.54308 | S45: 64.54308 | T45: 64.54308 | U45: 64.54308 | V45: 64.54308 | W45: 64.54308 | X45: 64.54308 | Y45: 64.54308 | Z45: 64.54308 | AA45: 64.54308 | AB45: 64.54308 | AC45: 64.54308
D46: Boffaloes | E46: 0 | F46: 3.3416995 | G46: 7.9426867 | H46: 14.826673 | I46: 21.814795 | J46: 29.850508 | K46: 36.307566 | L46: 36.814644 | M46: 36.814644 | N46: 36.814644 | O46: 36.814644 | P46: 36.814644 | Q46: 36.814644 | R46: 36.814644 | S46: 36.814644 | T46: 36.814644 | U46: 36.814644 | V46: 36.814644 | W46: 36.814644 | X46: 36.814644 | Y46: 36.814644 | Z46: 36.814644 | AA46: 36.814644 | AB46: 36.814644 | AC46: 36.814644
B48: NDSP-Bulls, NDSP-SS, and non-NDSP-AI | C48: '000 tonnes of Milk | D48: Total | E48: =SUM(E49:E51) -> 0 | F48: =SUM(F49:F51) -> 5.357906 | G48: =SUM(G49:G51) -> 87.534778 | H48: =SUM(H49:H51) -> 197.62384 | I48: =SUM(I49:I51) -> 350.37973 | J48: =SUM(J49:J51) -> 559.22822 | K48: =SUM(K49:K51) -> 745.78771 | L48: =SUM(L49:L51) -> 754.64349 | ... AC48: =SUM(AC49:AC51) -> 754.64349
D49: Indigenous Cows | E49: ='NDSP Bull, SS & Non-NDSP AI'!C48 -> 0 | F49: 0.44603571 | G49: 7.278035 | H49: 16.304051 | I49: 28.841242 | J49: 45.977838 | K49: 61.167457 | L49: 61.605905 | M49: 61.605905 | N49: 61.605905 | O49: 61.605905 | P49: 61.605905 | Q49: 61.605905 | R49: 61.605905 | S49: 61.605905 | T49: 61.605905 | U49: 61.605905 | V49: 61.605905 | W49: 61.605905 | X49: 61.605905 | Y49: 61.605905 | Z49: 61.605905 | AA49: 61.605905 | AB49: 61.605905 | AC49: 61.605905
D50: Cross Bred Cows | E50: ='NDSP Bull, SS & Non-NDSP AI'!C95 -> 0 | F50: 3.5859308 | G50: 58.512199 | H50: 131.0774 | I50: 231.8709 | J50: 369.64158 | K50: 491.75944 | L50: 495.28436 | M50: 495.28436 | N50: 495.28436 | O50: 495.28436 | P50: 495.28436 | Q50: 495.28436 | R50: 495.28436 | S50: 495.28436 | T50: 495.28436 | U50: 495.28436 | V50: 495.28436 | W50: 495.28436 | X50: 495.28436 | Y50: 495.28436 | Z50: 495.28436 | AA50: 495.28436 | AB50: 495.28436 | AC50: 495.28436
D51: Boffaloes | E51: ='NDSP Bull, SS & Non-NDSP AI'!C124 -> 0 | F51: 1.3259394 | G51: 21.744544 | H51: 50.242397 | I51: 89.667588 | J51: 143.6088 | K51: 192.86082 | L51: 197.75322 | M51: 197.75322 | N51: 197.75322 | O51: 197.75322 | P51: 197.75322 | Q51: 197.75322 | R51: 197.75322 | S51: 197.75322 | T51: 197.75322 | U51: 197.75322 | V51: 197.75322 | W51: 197.75322 | X51: 197.75322 | Y51: 197.75322 | Z51: 197.75322 | AA51: 197.75322 | AB51: 197.75322 | AC51: 197.75322
B53: NDSP-Bulls, Non-NDSP-SS and Non-NDSP-AI | C53: '000 tonnes of Milk | D53: Total | E53: =SUM(E54:E56) -> 0 | F53: =SUM(F54:F56) -> 0 | G53: =SUM(G54:G56) -> 0 | H53: =SUM(H54:H56) -> 0 | I53: =SUM(I54:I56) -> 0 | J53: =SUM(J54:J56) -> 0 | K53: =SUM(K54:K56) -> 0 | L53: =SUM(L54:L56) -> 0 | ... AC53: =SUM(AC54:AC56) -> 0
D54: Indigenous Cows | E54: ='NDSP-Bull & Non-NDSP SS,AI'!C39 -> 0 | F54: ='NDSP-Bull & Non-NDSP SS,AI'!D39 -> 0 | G54: ='NDSP-Bull & Non-NDSP SS,AI'!E39 -> 0 | H54: ='NDSP-Bull & Non-NDSP SS,AI'!F39 -> 0 | I54: ='NDSP-Bull & Non-NDSP SS,AI'!G39 -> 0 | J54: ='NDSP-Bull & Non-NDSP SS,AI'!H39 -> 0 | K54: ='NDSP-Bull & Non-NDSP SS,AI'!I39 -> 0 | L54: ='NDSP-Bull & Non-NDSP SS,AI'!J39 -> 0 | ... AC54: ='NDSP-Bull & Non-NDSP SS,AI'!AA39 -> 0
D55: Cross Bred Cows | E55: ='NDSP-Bull & Non-NDSP SS,AI'!C86 -> 0 | F55: ='NDSP-Bull & Non-NDSP SS,AI'!D86 -> 0 | G55: ='NDSP-Bull & Non-NDSP SS,AI'!E86 -> 0 | H55: ='NDSP-Bull & Non-NDSP SS,AI'!F86 -> 0 | I55: ='NDSP-Bull & Non-NDSP SS,AI'!G86 -> 0 | J55: ='NDSP-Bull & Non-NDSP SS,AI'!H86 -> 0 | K55: ='NDSP-Bull & Non-NDSP SS,AI'!I86 -> 0 | L55: ='NDSP-Bull & Non-NDSP SS,AI'!J86 -> 0 | ... AC55: ='NDSP-Bull & Non-NDSP SS,AI'!AA86 -> 0
D56: Boffaloes | E56: ='NDSP-Bull & Non-NDSP SS,AI'!C115 -> 0 | F56: ='NDSP-Bull & Non-NDSP SS,AI'!D115 -> 0 | G56: ='NDSP-Bull & Non-NDSP SS,AI'!E115 -> 0 | H56: ='NDSP-Bull & Non-NDSP SS,AI'!F115 -> 0 | I56: ='NDSP-Bull & Non-NDSP SS,AI'!G115 -> 0 | J56: ='NDSP-Bull & Non-NDSP SS,AI'!H115 -> 0 | K56: ='NDSP-Bull & Non-NDSP SS,AI'!I115 -> 0 | L56: ='NDSP-Bull & Non-NDSP SS,AI'!J115 -> 0 | ... AC56: ='NDSP-Bull & Non-NDSP SS,AI'!AA115 -> 0
B58: Non-NDSP - Bulls, NDSP- SS and Non-NDSP-AI | C58: '000 tonnes of Milk | D58: Total | E58: =SUM(E59:E61) -> 0 | F58: =SUM(F59:F61) -> 260.61762 | G58: =SUM(G59:G61) -> 354.67998 | H58: =SUM(H59:H61) -> 401.2177 | I58: =SUM(I59:I61) -> 363.83561 | J58: =SUM(J59:J61) -> 277.11839 | K58: =SUM(K59:K61) -> 202.43192 | L58: =SUM(L59:L61) -> 198.61393 | ... AC58: =SUM(AC59:AC61) -> 198.61393
D59: Indigenous Cows | E59: 0 | F59: 21.694287 | G59: 29.08284 | H59: 32.821471 | I59: 29.638272 | J59: 22.486973 | K59: 16.413134 | L59: 16.214002 | M59: 16.214002 | N59: 16.214002 | O59: 16.214002 | P59: 16.214002 | Q59: 16.214002 | R59: 16.214002 | S59: 16.214002 | T59: 16.214002 | U59: 16.214002 | V59: 16.214002 | W59: 16.214002 | X59: 16.214002 | Y59: 16.214002 | Z59: 16.214002 | AA59: 16.214002 | AB59: 16.214002 | AC59: 16.214002
D60: Cross Bred Cows | E60: 0 | F60: 174.41252 | G60: 233.81323 | H60: 263.87019 | I60: 238.27867 | J60: 180.78537 | K60: 131.95438 | L60: 130.35344 | M60: 130.35344 | N60: 130.35344 | O60: 130.35344 | P60: 130.35344 | Q60: 130.35344 | R60: 130.35344 | S60: 130.35344 | T60: 130.35344 | U60: 130.35344 | V60: 130.35344 | W60: 130.35344 | X60: 130.35344 | Y60: 130.35344 | Z60: 130.35344 | AA60: 130.35344 | AB60: 130.35344 | AC60: 130.35344
D61: Boffaloes | E61: 0 | F61: 64.510813 | G61: 91.783906 | H61: 104.52604 | I61: 95.918672 | J61: 73.846046 | K61: 54.064409 | L61: 52.046491 | M61: 52.046491 | N61: 52.046491 | O61: 52.046491 | P61: 52.046491 | Q61: 52.046491 | R61: 52.046491 | S61: 52.046491 | T61: 52.046491 | U61: 52.046491 | V61: 52.046491 | W61: 52.046491 | X61: 52.046491 | Y61: 52.046491 | Z61: 52.046491 | AA61: 52.046491 | AB61: 52.046491 | AC61: 52.046491
B62: Sub-Total (1) | C62: '000 tonnes of Milk | E62: =E43+E48+E53+E58 -> 0 | F62: =F43+F48+F53+F58 -> 277.62569 | G62: =G43+G48+G53+G58 -> 469.22246 | H62: =H43+H48+H53+H58 -> 648.96833 | I62: =I43+I48+I53+I58 -> 787.37499 | J62: =J43+J48+J53+J58 -> 936.20931 | K62: =K43+K48+K53+K58 -> 1069.0661 | L62: =L43+L48+L53+L58 -> 1074.6856 | ... AC62: =AC43+AC48+AC53+AC58 -> 1074.6856
B64: 2. Due to Better genetics
B65: NDSP - bulls, NDSP-SS and NDSP-AI | C65: '000 tonnes of Milk | D65: Total | E65: =SUM(E66:E69) -> 0 | F65: =SUM(F66:F69) -> 0 | G65: =SUM(G66:G69) -> 0 | H65: =SUM(H66:H69) -> 0 | I65: =SUM(I66:I69) -> 24.441461 | J65: =SUM(J66:J69) -> 84.040327 | K65: =SUM(K66:K69) -> 199.28542 | L65: =SUM(L66:L69) -> 375.32312 | ... AC65: =SUM(AC66:AC69) -> 2441.1065
D66: Indigenous-indigenous | E66: 0 | F66: 0 | G66: 0 | H66: 0 | I66: 0 | J66: 0.38529833 | K66: 1.4588509 | L66: 3.7996349 | M66: 7.7252493 | N66: 13.795016 | O66: 21.617065 | P66: 29.651502 | Q66: 37.316151 | R66: 44.303963 | S66: 50.066312 | T66: 54.620576 | U66: 59.214611 | V66: 63.862643 | W66: 68.565268 | X66: 73.323047 | Y66: 78.136548 | Z66: 83.006344 | AA66: 87.933015 | AB66: 92.917146 | AC66: 97.959329
D67: Indigenous-Crossbred | E67: 0 | F67: 0 | G67: 0 | H67: 0 | I67: 21.343832 | J67: 70.430883 | K67: 161.36767 | L67: 293.73801 | M67: 474.27662 | N67: 671.03751 | O67: 840.44014 | P67: 967.99403 | Q67: 1054.1144 | R67: 1092.0664 | S67: 1092.4524 | T67: 1092.4534 | U67: 1092.4534 | V67: 1092.4534 | W67: 1092.4534 | X67: 1092.4534 | Y67: 1092.4534 | Z67: 1092.4534 | AA67: 1092.4534 | AB67: 1092.4534 | AC67: 1092.4534
D68: CrossBred cows | E68: 0 | F68: 0 | G68: 0 | H68: 0 | I68: 3.097629 | J68: 11.714303 | K68: 30.47488 | L68: 61.895487 | M68: 110.41727 | N68: 172.85125 | O68: 236.87407 | P68: 297.82159 | Q68: 353.24807 | R68: 398.78376 | S68: 434.5921 | T68: 470.64786 | U68: 507.06388 | V68: 543.84405 | W68: 580.99203 | X68: 618.51149 | Y68: 656.40614 | Z68: 694.67974 | AA68: 733.33608 | AB68: 772.37898 | AC68: 811.81231
D69: Buffaloes | E69: 0 | F69: 0 | G69: 0 | H69: 0 | I69: 0 | J69: 1.5098422 | K69: 5.9840236 | L69: 15.889996 | M69: 32.850427 | N69: 59.246672 | O69: 93.896929 | P69: 130.51402 | Q69: 165.76945 | R69: 198.03939 | S69: 224.98318 | T69: 246.31386 | U69: 266.90563 | V69: 287.66145 | W69: 308.62483 | X69: 329.79784 | Y69: 351.18258 | Z69: 372.78117 | AA69: 394.59574 | AB69: 416.62846 | AC69: 438.88151
B71: NDSP-Bulls, NDSP-SS, and non-NDSP-AI | C71: '000 tonnes of Milk | D71: Total | E71: =SUM(E72:E75) -> 0 | F71: =SUM(F72:F75) -> 0 | G71: =SUM(G72:G75) -> 0 | H71: =SUM(H72:H75) -> 0 | I71: =SUM(I72:I75) -> 18.086795 | J71: =SUM(J72:J75) -> 332.20005 | K71: =SUM(K72:K75) -> 1115.7534 | L71: =SUM(L72:L75) -> 2613.6074 | ... AC71: =SUM(AC72:AC75) -> 34619.069
D72: Indigenous-indigenous | E72: 0 | F72: 0 | G72: 0 | H72: 0 | I72: 0 | J72: 0.29947207 | K72: 6.2211157 | L72: 21.964868 | M72: 54.115656 | N72: 112.25362 | O72: 198.72245 | P72: 290.13992 | Q72: 381.24653 | R72: 465.53407 | S72: 533.51828 | T72: 582.65285 | U72: 631.09509 | V72: 680.00337 | W72: 729.40074 | X72: 779.29208 | Y72: 829.68234 | Z72: 880.57649 | AA72: 931.97959 | AB72: 983.89672 | AC72: 1036.333
D73: Indigenous-Crossbred | E73: 0 | F73: 0 | G73: 0 | H73: 0 | I73: 13.271548 | J73: 230.22162 | K73: 721.80353 | L73: 1594.439 | M73: 2988.099 | N73: 4835.6658 | O73: 6506.0901 | P73: 7902.272 | Q73: 8917.4004 | R73: 9411.5042 | S73: 9438.4297 | T73: 9438.8191 | U73: 9438.8191 | V73: 9438.8191 | W73: 9438.8191 | X73: 9438.8191 | Y73: 9438.8191 | Z73: 9438.8191 | AA73: 9438.8191 | AB73: 9438.8191 | AC73: 9438.8191
D74: CrossBred cows | E74: 0 | F74: 0 | G74: 0 | H74: 0 | I74: 4.8152473 | J74: 100.03006 | K74: 353.17574 | L74: 870.13211 | M74: 1804.9394 | N74: 3195.282 | O74: 4665.1946 | P74: 6130.1086 | Q74: 7485.3781 | R74: 8578.5044 | S74: 9368.545 | T74: 10147.454 | U74: 10933.856 | V74: 11728.122 | W74: 12530.331 | X74: 13340.562 | Y74: 14158.895 | Z74: 14985.412 | AA74: 15820.193 | AB74: 16663.323 | AC74: 17514.884
D75: Buffaloes | E75: 0 | F75: 0 | G75: 0 | H75: 0 | I75: 0 | J75: 1.6488957 | K75: 34.553028 | L75: 127.07149 | M75: 319.48901 | N75: 670.79804 | O75: 1202.9695 | P75: 1789.3501 | Q75: 2378.4298 | R75: 2929.1209 | S75: 3383.046 | T75: 3717.2067 | U75: 4029.2772 | V75: 4343.0425 | W75: 4659.9454 | X75: 4980.0173 | Y75: 5303.29 | Z75: 5629.7954 | AA75: 5959.5658 | AB75: 6292.6339 | AC75: 6629.0328
B77: NDSP-Bulls, Non-NDSP-SS and Non-NDSP-AI | C77: '000 tonnes of Milk | D77: Total | E77: =SUM(E78:E81) -> 0 | F77: =SUM(F78:F81) -> 0 | G77: =SUM(G78:G81) -> 0 | H77: =SUM(H78:H81) -> 0 | I77: =SUM(I78:I81) -> 0 | J77: =SUM(J78:J81) -> 0 | K77: =SUM(K78:K81) -> 0 | L77: =SUM(L78:L81) -> 0 | ... AC77: =SUM(AC78:AC81) -> 0
D78: Indigenous-indigenous | E78: ='NDSP-Bull & Non-NDSP SS,AI'!C57 -> 0 | F78: ='NDSP-Bull & Non-NDSP SS,AI'!D57 -> 0 | G78: ='NDSP-Bull & Non-NDSP SS,AI'!E57 -> 0 | H78: ='NDSP-Bull & Non-NDSP SS,AI'!F57 -> 0 | I78: ='NDSP-Bull & Non-NDSP SS,AI'!G57 -> 0 | J78: ='NDSP-Bull & Non-NDSP SS,AI'!H57 -> 0 | K78: ='NDSP-Bull & Non-NDSP SS,AI'!I57 -> 0 | L78: ='NDSP-Bull & Non-NDSP SS,AI'!J57 -> 0 | ... AC78: ='NDSP-Bull & Non-NDSP SS,AI'!AA57 -> 0
D79: Indigenous-Crossbred | E79: ='NDSP-Bull & Non-NDSP SS,AI'!C71 -> 0 | F79: ='NDSP-Bull & Non-NDSP SS,AI'!D71 -> 0 | G79: ='NDSP-Bull & Non-NDSP SS,AI'!E71 -> 0 | H79: ='NDSP-Bull & Non-NDSP SS,AI'!F71 -> 0 | I79: ='NDSP-Bull & Non-NDSP SS,AI'!G71 -> 0 | J79: ='NDSP-Bull & Non-NDSP SS,AI'!H71 -> 0 | K79: ='NDSP-Bull & Non-NDSP SS,AI'!I71 -> 0 | L79: ='NDSP-Bull & Non-NDSP SS,AI'!J71 -> 0 | ... AC79: ='NDSP-Bull & Non-NDSP SS,AI'!AA71 -> 0
D80: CrossBred cows | E80: ='NDSP-Bull & Non-NDSP SS,AI'!C102 -> 0 | F80: ='NDSP-Bull & Non-NDSP SS,AI'!D102 -> 0 | G80: ='NDSP-Bull & Non-NDSP SS,AI'!E102 -> 0 | H80: ='NDSP-Bull & Non-NDSP SS,AI'!F102 -> 0 | I80: ='NDSP-Bull & Non-NDSP SS,AI'!G102 -> 0 | J80: ='NDSP-Bull & Non-NDSP SS,AI'!H102 -> 0 | K80: ='NDSP-Bull & Non-NDSP SS,AI'!I102 -> 0 | L80: ='NDSP-Bull & Non-NDSP SS,AI'!J102 -> 0 | ... AC80: ='NDSP-Bull & Non-NDSP SS,AI'!AA102 -> 0
D81: Buffaloes | E81: ='NDSP-Bull & Non-NDSP SS,AI'!C132 -> 0 | F81: ='NDSP-Bull & Non-NDSP SS,AI'!D132 -> 0 | G81: ='NDSP-Bull & Non-NDSP SS,AI'!E132 -> 0 | H81: ='NDSP-Bull & Non-NDSP SS,AI'!F132 -> 0 | I81: ='NDSP-Bull & Non-NDSP SS,AI'!G132 -> 0 | J81: ='NDSP-Bull & Non-NDSP SS,AI'!H132 -> 0 | K81: ='NDSP-Bull & Non-NDSP SS,AI'!I132 -> 0 | L81: ='NDSP-Bull & Non-NDSP SS,AI'!J132 -> 0 | ... AC81: ='NDSP-Bull & Non-NDSP SS,AI'!AA132 -> 0
B83: Non-NDSP - Bulls, NDSP- SS and Non-NDSP-AI | C83: '000 tonnes of Milk | D83: Total | E83: 0 | F83: 0 | G83: 0 | H83: 0 | I83: 0 | J83: 0 | K83: 0 | L83: 0 | M83: 0 | N83: 0 | O83: 0 | P83: 0 | Q83: 0 | R83: 0 | S83: 0 | T83: 0 | U83: 0 | V83: 0 | W83: 0 | X83: 0 | Y83: 0 | Z83: 0 | AA83: 0 | AB83: 0 | AC83: 0
D84: Indigenous-indigenous | E84: 0 | F84: 0 | G84: 0 | H84: 0 | I84: 0 | J84: 0 | K84: 0 | L84: 0 | M84: 0 | N84: 0 | O84: 0 | P84: 0 | Q84: 0 | R84: 0 | S84: 0 | T84: 0 | U84: 0 | V84: 0 | W84: 0 | X84: 0 | Y84: 0 | Z84: 0 | AA84: 0 | AB84: 0 | AC84: 0
D85: Indigenous-Crossbred | E85: 0 | F85: 0 | G85: 0 | H85: 0 | I85: 0 | J85: 0 | K85: 0 | L85: 0 | M85: 0 | N85: 0 | O85: 0 | P85: 0 | Q85: 0 | R85: 0 | S85: 0 | T85: 0 | U85: 0 | V85: 0 | W85: 0 | X85: 0 | Y85: 0 | Z85: 0 | AA85: 0 | AB85: 0 | AC85: 0
D86: CrossBred cows | E86: 0 | F86: 0 | G86: 0 | H86: 0 | I86: 0 | J86: 0 | K86: 0 | L86: 0 | M86: 0 | N86: 0 | O86: 0 | P86: 0 | Q86: 0 | R86: 0 | S86: 0 | T86: 0 | U86: 0 | V86: 0 | W86: 0 | X86: 0 | Y86: 0 | Z86: 0 | AA86: 0 | AB86: 0 | AC86: 0
D87: Buffaloes | E87: 0 | F87: 0 | G87: 0 | H87: 0 | I87: 0 | J87: 0 | K87: 0 | L87: 0 | M87: 0 | N87: 0 | O87: 0 | P87: 0 | Q87: 0 | R87: 0 | S87: 0 | T87: 0 | U87: 0 | V87: 0 | W87: 0 | X87: 0 | Y87: 0 | Z87: 0 | AA87: 0 | AB87: 0 | AC87: 0
B89: Sub-Total (2) | C89: '000 tonnes of Milk | E89: =E65+E71+E77+E83 -> 0 | F89: =F65+F71+F77+F83 -> 0 | G89: =G65+G71+G77+G83 -> 0 | H89: =H65+H71+H77+H83 -> 0 | I89: =I65+I71+I77+I83 -> 42.528256 | J89: =J65+J71+J77+J83 -> 416.24038 | K89: =K65+K71+K77+K83 -> 1315.0388 | L89: =L65+L71+L77+L83 -> 2988.9305 | ... AC89: =AC65+AC71+AC77+AC83 -> 37060.175
B91: Total Benefit in Tonnes of Milk - (1) + (2)
B92: NDSP - bulls, NDSP-SS and NDSP-AI | C92: '000 tonnes of Milk | E92: =E65+E43 -> 0 | F92: =F65+F43 -> 11.65017 | G92: =G65+G43 -> 27.007707 | H92: =H65+H43 -> 50.126789 | I92: =I65+I43 -> 97.60111 | J92: =J65+J43 -> 183.90302 | K92: =K65+K43 -> 320.13185 | L92: =L65+L43 -> 496.75131 | ... AC92: =AC65+AC43 -> 2562.5347
B93: NDSP-Bulls, NDSP-SS, and non-NDSP-AI | C93: '000 tonnes of Milk | E93: =E71+E48 -> 0 | F93: =F71+F48 -> 5.357906 | G93: =G71+G48 -> 87.534778 | H93: =H71+H48 -> 197.62384 | I93: =I71+I48 -> 368.46652 | J93: =J71+J48 -> 891.42828 | K93: =K71+K48 -> 1861.5411 | L93: =L71+L48 -> 3368.2509 | ... AC93: =AC71+AC48 -> 35373.712
B94: NDSP-Bulls, Non-NDSP-SS and Non-NDSP-AI | C94: '000 tonnes of Milk | E94: =E77+E53 -> 0 | F94: =F77+F53 -> 0 | G94: =G77+G53 -> 0 | H94: =H77+H53 -> 0 | I94: =I77+I53 -> 0 | J94: =J77+J53 -> 0 | K94: =K77+K53 -> 0 | L94: =L77+L53 -> 0 | ... AC94: =AC77+AC53 -> 0
B95: Non-NDSP - Bulls, NDSP- SS and Non-NDSP-AI | C95: '000 tonnes of Milk | E95: =E58+E83 -> 0 | F95: =F58+F83 -> 260.61762 | G95: =G58+G83 -> 354.67998 | H95: =H58+H83 -> 401.2177 | I95: =I58+I83 -> 363.83561 | J95: =J58+J83 -> 277.11839 | K95: =K58+K83 -> 202.43192 | L95: =L58+L83 -> 198.61393 | ... AC95: =AC58+AC83 -> 198.61393
B96: Grand Total (Genetic Improvement) | C96: '000 tonnes of Milk | E96: =SUM(E92:E94) -> 0 | F96: =SUM(F92:F94) -> 17.008076 | G96: =SUM(G92:G94) -> 114.54248 | H96: =SUM(H92:H95) -> 648.96833 | I96: =SUM(I92:I95) -> 829.90324 | J96: =SUM(J92:J95) -> 1352.4497 | K96: =SUM(K92:K95) -> 2384.1049 | L96: =SUM(L92:L95) -> 4063.6162 | M96: =SUM(M92:M95) -> 6866.5982 | N96: =SUM(N92:N95) -> 10805.616 | O96: =SUM(O92:O95) -> 14840.49 | ... AC96: =SUM(AC92:AC95) -> 38134.861
B98: Benefits due to reduction in Inter-calving period
B99: AI delivery (incl. LN delivery) | C99: Crore Rs | E99: ='NDSP Bull,SS,AI'!#REF!/100 -> #REF! | F99: ='NDSP Bull,SS,AI'!#REF!/100 -> #REF! | G99: ='NDSP Bull,SS,AI'!#REF!/100 -> #REF! | H99: ='NDSP Bull,SS,AI'!#REF!/100 -> #REF! | I99: ='NDSP Bull,SS,AI'!#REF!/100 -> #REF! | J99: ='NDSP Bull,SS,AI'!#REF!/100 -> #REF! | K99: ='NDSP Bull,SS,AI'!#REF!/100 -> #REF! | L99: ='NDSP Bull,SS,AI'!#REF!/100 -> #REF! | ... AC99: ='NDSP Bull,SS,AI'!#REF!/100 -> #REF!
B100: Semen production | C100: Crore Rs | E100: ='NDSP Bull, SS & Non-NDSP AI'!#REF!/100 -> #REF! | F100: ='NDSP Bull, SS & Non-NDSP AI'!#REF!/100 -> #REF! | G100: ='NDSP Bull, SS & Non-NDSP AI'!#REF!/100 -> #REF! | H100: ='NDSP Bull, SS & Non-NDSP AI'!#REF!/100 -> #REF! | I100: ='NDSP Bull, SS & Non-NDSP AI'!#REF!/100 -> #REF! | J100: ='NDSP Bull, SS & Non-NDSP AI'!#REF!/100 -> #REF! | K100: ='NDSP Bull, SS & Non-NDSP AI'!#REF!/100 -> #REF! | L100: ='NDSP Bull, SS & Non-NDSP AI'!#REF!/100 -> #REF! | ... AC100: ='NDSP Bull, SS & Non-NDSP AI'!#REF!/100 -> #REF!
B101: Bull Production (PT, Breed Dvlpmt. & Imports) | C101: Crore Rs | E101: ='NDSP-Bull & Non-NDSP SS,AI'!#REF!/100 -> #REF! | F101: ='NDSP-Bull & Non-NDSP SS,AI'!#REF!/100 -> #REF! | G101: ='NDSP-Bull & Non-NDSP SS,AI'!#REF!/100 -> #REF! | H101: ='NDSP-Bull & Non-NDSP SS,AI'!#REF!/100 -> #REF! | I101: ='NDSP-Bull & Non-NDSP SS,AI'!#REF!/100 -> #REF! | J101: ='NDSP-Bull & Non-NDSP SS,AI'!#REF!/100 -> #REF! | K101: ='NDSP-Bull & Non-NDSP SS,AI'!#REF!/100 -> #REF! | L101: ='NDSP-Bull & Non-NDSP SS,AI'!#REF!/100 -> #REF! | ... AC101: ='NDSP-Bull & Non-NDSP SS,AI'!#REF!/100 -> #REF!
B102: Total (Inter-calving period) | C102: Crore Rs | E102: =SUM(E99:E101) -> #REF! | F102: =SUM(F99:F101) -> #REF! | G102: =SUM(G99:G101) -> #REF! | H102: =SUM(H99:H101) -> #REF! | I102: =SUM(I99:I101) -> #REF! | J102: =SUM(J99:J101) -> #REF! | K102: =SUM(K99:K101) -> #REF! | L102: =SUM(L99:L101) -> #REF! | ... AC102: =SUM(AC99:AC101) -> #REF!
C104: 1000
B105: Gross Margin (Weighted across animals)
B106: Financial | C106: Rs/tonne of Milk | D106: 3064.1595 | Y106: ONLY Scenario-1 CONVERGENCE AREAS CONSIDERED | AD106: =+D107/D106 -> 1.0842608
B107: Economical | C107: Rs/tonne of Milk | D107: 3322.3479
E108: Yr-1 | F108: Yr-2 | G108: Yr-3 | H108: Yr-4 | I108: Yr-5 | J108: Yr-6 | K108: Yr-7 | L108: Yr-8 | M108: Yr-9 | N108: Yr-10 | O108: Yr-11 | P108: Yr-12 | Q108: Yr-13 | R108: Yr-14 | S108: Yr-15 | T108: Yr-16 | U108: Yr-17 | V108: Yr-18 | W108: Yr-19 | X108: Yr-20 | Y108: Yr-21 | Z108: Yr-22 | AA108: Yr-23 | AB108: Yr-24 | AC108: Yr-25
B109: Incremental Milk Production | C109: Million tonnes | E109: =+SUM(E110,E115) -> 0 | F109: =+SUM(F110,F115) -> 0.01165017 | G109: =+SUM(G110,G115) -> 0.027007707 | H109: =+SUM(H110,H115) -> 0.050126789 | I109: =+SUM(I110,I115) -> 0.09760111 | J109: =+SUM(J110,J115) -> 0.18390302 | K109: =+SUM(K110,K115) -> 0.32013185 | L109: =+SUM(L110,L115) -> 0.49675131 | ... AC109: =+SUM(AC110,AC115) -> 2.5625347
B110: Due to Reduced Intercalving Period | E110: =+SUMPRODUCT($D$111:$D$113,E111:E113) -> 0 | F110: =+SUMPRODUCT($D$111:$D$113,F111:F113) -> 0.01165017 | G110: =+SUMPRODUCT($D$111:$D$113,G111:G113) -> 0.027007707 | H110: =+SUMPRODUCT($D$111:$D$113,H111:H113) -> 0.050126789 | I110: =+SUMPRODUCT($D$111:$D$113,I111:I113) -> 0.073159649 | J110: =+SUMPRODUCT($D$111:$D$113,J111:J113) -> 0.099862696 | K110: =+SUMPRODUCT($D$111:$D$113,K111:K113) -> 0.12084643 | L110: =+SUMPRODUCT($D$111:$D$113,L111:L113) -> 0.12142819 | ... AC110: =+SUMPRODUCT($D$111:$D$113,AC111:AC113) -> 0.12142819
A111: Scenario-1 | B111: NDSP - bulls, NDSP-SS and NDSP-AI | C111: Million tonnes | D111: 1 | E111: =+E43/$C$104 -> 0 | F111: =+F43/$C$104 -> 0.01165017 | G111: =+G43/$C$104 -> 0.027007707 | H111: =+H43/$C$104 -> 0.050126789 | I111: =+I43/$C$104 -> 0.073159649 | J111: =+J43/$C$104 -> 0.099862696 | K111: =+K43/$C$104 -> 0.12084643 | L111: =+L43/$C$104 -> 0.12142819 | ... AC111: =+AC43/$C$104 -> 0.12142819
A112: Scenario-2 | B112: NDSP-Bulls, NDSP-SS, and non-NDSP-AI | C112: Million tonnes | D112: 0 | E112: =+E48/$C$104 -> 0 | F112: =+F48/$C$104 -> 0.005357906 | G112: =+G48/$C$104 -> 0.087534778 | H112: =+H48/$C$104 -> 0.19762384 | I112: =+I48/$C$104 -> 0.35037973 | J112: =+J48/$C$104 -> 0.55922822 | K112: =+K48/$C$104 -> 0.74578771 | L112: =+L48/$C$104 -> 0.75464349 | ... AC112: =+AC48/$C$104 -> 0.75464349
A113: Scenario-3 | B113: NDSP-Bulls, Non-NDSP-SS and Non-NDSP-AI | C113: Million tonnes | D113: 0 | E113: =+E58/$C$104 -> 0 | F113: =+F58/$C$104 -> 0.26061762 | G113: =+G58/$C$104 -> 0.35467998 | H113: =+H58/$C$104 -> 0.4012177 | I113: =+I58/$C$104 -> 0.36383561 | J113: =+J58/$C$104 -> 0.27711839 | K113: =+K58/$C$104 -> 0.20243192 | L113: =+L58/$C$104 -> 0.19861393 | ... AC113: =+AC58/$C$104 -> 0.19861393
B115: Due to Better Genetics: | E115: =+SUMPRODUCT($D$116:$D$118,E116:E118) -> 0 | F115: =+SUMPRODUCT($D$116:$D$118,F116:F118) -> 0 | G115: =+SUMPRODUCT($D$116:$D$118,G116:G118) -> 0 | H115: =+SUMPRODUCT($D$116:$D$118,H116:H118) -> 0 | I115: =+SUMPRODUCT($D$116:$D$118,I116:I118) -> 0.024441461 | J115: =+SUMPRODUCT($D$116:$D$118,J116:J118) -> 0.084040327 | K115: =+SUMPRODUCT($D$116:$D$118,K116:K118) -> 0.19928542 | L115: =+SUMPRODUCT($D$116:$D$118,L116:L118) -> 0.37532312 | ... AC115: =+SUMPRODUCT($D$116:$D$118,AC116:AC118) -> 2.4411065
A116: Scenario-1 | B116: =+B92 -> NDSP - bulls, NDSP-SS and NDSP-AI | C116: Million tonnes | D116: =+D111 -> 1 | E116: =+E65/$C$104 -> 0 | F116: =+F65/$C$104 -> 0 | G116: =+G65/$C$104 -> 0 | H116: =+H65/$C$104 -> 0 | I116: =+I65/$C$104 -> 0.024441461 | J116: =+J65/$C$104 -> 0.084040327 | K116: =+K65/$C$104 -> 0.19928542 | L116: =+L65/$C$104 -> 0.37532312 | ... AC116: =+AC65/$C$104 -> 2.4411065
A117: Scenario-2 | B117: =+B93 -> NDSP-Bulls, NDSP-SS, and non-NDSP-AI | C117: Million tonnes | D117: =+D112 -> 0 | E117: =+E71/$C$104 -> 0 | F117: =+F71/$C$104 -> 0 | G117: =+G71/$C$104 -> 0 | H117: =+H71/$C$104 -> 0 | I117: =+I71/$C$104 -> 0.018086795 | J117: =+J71/$C$104 -> 0.33220005 | K117: =+K71/$C$104 -> 1.1157534 | L117: =+L71/$C$104 -> 2.6136074 | ... AC117: =+AC71/$C$104 -> 34.619069
A118: Scenario-3 | B118: =+B94 -> NDSP-Bulls, Non-NDSP-SS and Non-NDSP-AI | C118: Million tonnes | D118: =+D113 -> 0 | E118: =+E83/$C$104 -> 0 | F118: =+F83/$C$104 -> 0 | G118: =+G83/$C$104 -> 0 | H118: =+H83/$C$104 -> 0 | I118: =+I83/$C$104 -> 0 | J118: =+J83/$C$104 -> 0 | K118: =+K83/$C$104 -> 0 | L118: =+L83/$C$104 -> 0 | ... AC118: =+AC83/$C$104 -> 0
B121: Incremental Financial Gross Margin | C121: Rs Million | E121: =+SUM(E122,E127) -> 0 | F121: =+SUM(F122,F127) -> 35.697978 | G121: =+SUM(G122,G127) -> 82.755922 | H121: =+SUM(H122,H127) -> 153.59648 | I121: =+SUM(I122,I127) -> 299.06537 | J121: =+SUM(J122,J127) -> 563.5082 | K121: =+SUM(K122,K127) -> 980.93506 | L121: =+SUM(L122,L127) -> 1522.1253 | ... AC121: =+SUM(AC122,AC127) -> 7852.0151
B122: Due to Reduced Intercalving Period | E122: =+SUMPRODUCT($D$111:$D$113,E123:E125) -> 0 | F122: =+SUMPRODUCT($D$111:$D$113,F123:F125) -> 35.697978 | G122: =+SUMPRODUCT($D$111:$D$113,G123:G125) -> 82.755922 | H122: =+SUMPRODUCT($D$111:$D$113,H123:H125) -> 153.59648 | I122: =+SUMPRODUCT($D$111:$D$113,I123:I125) -> 224.17283 | J122: =+SUMPRODUCT($D$111:$D$113,J123:J125) -> 305.99523 | K122: =+SUMPRODUCT($D$111:$D$113,K123:K125) -> 370.29274 | L122: =+SUMPRODUCT($D$111:$D$113,L123:L125) -> 372.07534 | ... AC122: =+SUMPRODUCT($D$111:$D$113,AC123:AC125) -> 372.07534
A123: Scenario-1 | B123: NDSP - bulls, NDSP-SS and NDSP-AI | C123: Rs Million | E123: =+E111*$D$106 -> 0 | F123: =+F111*$D$106 -> 35.697978 | G123: =+G111*$D$106 -> 82.755922 | H123: =+H111*$D$106 -> 153.59648 | I123: =+I111*$D$106 -> 224.17283 | J123: =+J111*$D$106 -> 305.99523 | K123: =+K111*$D$106 -> 370.29274 | L123: =+L111*$D$106 -> 372.07534 | ... AC123: =+AC111*$D$106 -> 372.07534
A124: Scenario-2 | B124: NDSP-Bulls, NDSP-SS, and non-NDSP-AI | C124: Rs Million | E124: =+E112*$D$106 -> 0 | F124: =+F112*$D$106 -> 16.417479 | G124: =+G112*$D$106 -> 268.22052 | H124: =+H112*$D$106 -> 605.55098 | I124: =+I112*$D$106 -> 1073.6194 | J124: =+J112*$D$106 -> 1713.5645 | K124: =+K112*$D$106 -> 2285.2125 | L124: =+L112*$D$106 -> 2312.348 | ... AC124: =+AC112*$D$106 -> 2312.348
A125: Scenario-3 | B125: NDSP-Bulls, Non-NDSP-SS and Non-NDSP-AI | C125: Rs Million | E125: =+E113*$D$106 -> 0 | F125: =+F113*$D$106 -> 798.57394 | G125: =+G113*$D$106 -> 1086.796 | H125: =+H113*$D$106 -> 1229.395 | I125: =+I113*$D$106 -> 1114.8503 | J125: =+J113*$D$106 -> 849.13495 | K125: =+K113*$D$106 -> 620.28369 | L125: =+L113*$D$106 -> 608.58478 | ... AC125: =+AC113*$D$106 -> 608.58478
B127: Due to Better Genetics: | E127: =+SUMPRODUCT($D$116:$D$118,E128:E130) -> 0 | F127: =+SUMPRODUCT($D$116:$D$118,F128:F130) -> 0 | G127: =+SUMPRODUCT($D$116:$D$118,G128:G130) -> 0 | H127: =+SUMPRODUCT($D$116:$D$118,H128:H130) -> 0 | I127: =+SUMPRODUCT($D$116:$D$118,I128:I130) -> 74.892534 | J127: =+SUMPRODUCT($D$116:$D$118,J128:J130) -> 257.51297 | K127: =+SUMPRODUCT($D$116:$D$118,K128:K130) -> 610.64232 | L127: =+SUMPRODUCT($D$116:$D$118,L128:L130) -> 1150.0499 | ... AC127: =+SUMPRODUCT($D$116:$D$118,AC128:AC130) -> 7479.9398
A128: Scenario-1 | B128: =+B116 -> NDSP - bulls, NDSP-SS and NDSP-AI | C128: Rs Million | E128: =+E116*$D$106 -> 0 | F128: =+F116*$D$106 -> 0 | G128: =+G116*$D$106 -> 0 | H128: =+H116*$D$106 -> 0 | I128: =+I116*$D$106 -> 74.892534 | J128: =+J116*$D$106 -> 257.51297 | K128: =+K116*$D$106 -> 610.64232 | L128: =+L116*$D$106 -> 1150.0499 | ... AC128: =+AC116*$D$106 -> 7479.9398
A129: Scenario-2 | B129: =+B117 -> NDSP-Bulls, NDSP-SS, and non-NDSP-AI | C129: Rs Million | E129: =+E117*$D$106 -> 0 | F129: =+F117*$D$106 -> 0 | G129: =+G117*$D$106 -> 0 | H129: =+H117*$D$106 -> 0 | I129: =+I117*$D$106 -> 55.420825 | J129: =+J117*$D$106 -> 1017.9139 | K129: =+K117*$D$106 -> 3418.8464 | L129: =+L117*$D$106 -> 8008.51 | ... AC129: =+AC117*$D$106 -> 106078.35
A130: Scenario-3 | B130: =+B118 -> NDSP-Bulls, Non-NDSP-SS and Non-NDSP-AI | C130: Rs Million | E130: =+E118*$D$106 -> 0 | F130: =+F118*$D$106 -> 0 | G130: =+G118*$D$106 -> 0 | H130: =+H118*$D$106 -> 0 | I130: =+I118*$D$106 -> 0 | J130: =+J118*$D$106 -> 0 | K130: =+K118*$D$106 -> 0 | L130: =+L118*$D$106 -> 0 | ... AC130: =+AC118*$D$106 -> 0
B133: Incremental Economic Gross Margin | C133: Rs Million | E133: =+SUM(E134,E139) -> 0 | F133: =+SUM(F134,F139) -> 38.705916 | G133: =+SUM(G134,G139) -> 89.728998 | H133: =+SUM(H134,H139) -> 166.53863 | I133: =+SUM(I134,I139) -> 324.26484 | J133: =+SUM(J134,J139) -> 610.98982 | K133: =+SUM(K134,K139) -> 1063.5894 | L133: =+SUM(L134,L139) -> 1650.3807 | ... AC133: =+SUM(AC134,AC139) -> 8513.6318 | AD133: =+AC133/AC121 -> 1.0842608
B134: Due to Reduced Intercalving Period | E134: =+SUMPRODUCT($D$111:$D$113,E135:E137) -> 0 | F134: =+SUMPRODUCT($D$111:$D$113,F135:F137) -> 38.705916 | G134: =+SUMPRODUCT($D$111:$D$113,G135:G137) -> 89.728998 | H134: =+SUMPRODUCT($D$111:$D$113,H135:H137) -> 166.53863 | I134: =+SUMPRODUCT($D$111:$D$113,I135:I137) -> 243.06181 | J134: =+SUMPRODUCT($D$111:$D$113,J135:J137) -> 331.77862 | K134: =+SUMPRODUCT($D$111:$D$113,K135:K137) -> 401.49389 | L134: =+SUMPRODUCT($D$111:$D$113,L135:L137) -> 403.42669 | ... AC134: =+SUMPRODUCT($D$111:$D$113,AC135:AC137) -> 403.42669 | AD134: =+AC134/AC122 -> 1.0842608
A135: Scenario-1 | B135: NDSP - bulls, NDSP-SS and NDSP-AI | C135: Rs Million | E135: =+E111*$D$107 -> 0 | F135: =+F111*$D$107 -> 38.705916 | G135: =+G111*$D$107 -> 89.728998 | H135: =+H111*$D$107 -> 166.53863 | I135: =+I111*$D$107 -> 243.06181 | J135: =+J111*$D$107 -> 331.77862 | K135: =+K111*$D$107 -> 401.49389 | L135: =+L111*$D$107 -> 403.42669 | ... AC135: =+AC111*$D$107 -> 403.42669
A136: Scenario-2 | B136: NDSP-Bulls, NDSP-SS, and non-NDSP-AI | C136: Rs Million | E136: =+E112*$D$107 -> 0 | F136: =+F112*$D$107 -> 17.800828 | G136: =+G112*$D$107 -> 290.82098 | H136: =+H112*$D$107 -> 656.57516 | I136: =+I112*$D$107 -> 1164.0834 | J136: =+J112*$D$107 -> 1857.9507 | K136: =+K112*$D$107 -> 2477.7662 | L136: =+L112*$D$107 -> 2507.1882 | ... AC136: =+AC112*$D$107 -> 2507.1882
A137: Scenario-3 | B137: NDSP-Bulls, Non-NDSP-SS and Non-NDSP-AI | C137: Rs Million | E137: =+E113*$D$107 -> 0 | F137: =+F113*$D$107 -> 865.86239 | G137: =+G113*$D$107 -> 1178.3703 | H137: =+H113*$D$107 -> 1332.9848 | I137: =+I113*$D$107 -> 1208.7885 | J137: =+J113*$D$107 -> 920.6837 | K137: =+K113*$D$107 -> 672.54926 | L137: =+L113*$D$107 -> 659.86459 | ... AC137: =+AC113*$D$107 -> 659.86459
B139: Due to Better Genetics: | E139: =+SUMPRODUCT($D$116:$D$118,E140:E142) -> 0 | F139: =+SUMPRODUCT($D$116:$D$118,F140:F142) -> 0 | G139: =+SUMPRODUCT($D$116:$D$118,G140:G142) -> 0 | H139: =+SUMPRODUCT($D$116:$D$118,H140:H142) -> 0 | I139: =+SUMPRODUCT($D$116:$D$118,I140:I142) -> 81.203035 | J139: =+SUMPRODUCT($D$116:$D$118,J140:J142) -> 279.2112 | K139: =+SUMPRODUCT($D$116:$D$118,K140:K142) -> 662.0955 | L139: =+SUMPRODUCT($D$116:$D$118,L140:L142) -> 1246.954 | ... AC139: =+SUMPRODUCT($D$116:$D$118,AC140:AC142) -> 8110.2051 | AD139: =+AC139/AC127 -> 1.0842608
A140: Scenario-1 | B140: =+B128 -> NDSP - bulls, NDSP-SS and NDSP-AI | C140: Rs Million | E140: =+E116*$D$107 -> 0 | F140: =+F116*$D$107 -> 0 | G140: =+G116*$D$107 -> 0 | H140: =+H116*$D$107 -> 0 | I140: =+I116*$D$107 -> 81.203035 | J140: =+J116*$D$107 -> 279.2112 | K140: =+K116*$D$107 -> 662.0955 | L140: =+L116*$D$107 -> 1246.954 | ... AC140: =+AC116*$D$107 -> 8110.2051
A141: Scenario-2 | B141: =+B129 -> NDSP-Bulls, NDSP-SS, and non-NDSP-AI | C141: Rs Million | E141: =+E117*$D$107 -> 0 | F141: =+F117*$D$107 -> 0 | G141: =+G117*$D$107 -> 0 | H141: =+H117*$D$107 -> 0 | I141: =+I117*$D$107 -> 60.090625 | J141: =+J117*$D$107 -> 1103.6841 | K141: =+K117*$D$107 -> 3706.921 | L141: =+L117*$D$107 -> 8683.3131 | ... AC141: =+AC117*$D$107 -> 115016.59
A142: Scenario-3 | B142: =+B130 -> NDSP-Bulls, Non-NDSP-SS and Non-NDSP-AI | C142: Rs Million | E142: =+E118*$D$107 -> 0 | F142: =+F118*$D$107 -> 0 | G142: =+G118*$D$107 -> 0 | H142: =+H118*$D$107 -> 0 | I142: =+I118*$D$107 -> 0 | J142: =+J118*$D$107 -> 0 | K142: =+K118*$D$107 -> 0 | L142: =+L118*$D$107 -> 0 | ... AC142: =+AC118*$D$107 -> 0

Sheet NDSP Bull,SS,AI
B1: Unit | C1: 2011-12 | D1: 2012-13 | E1: 2013-14 | F1: 2014-15 | G1: 2015-16 | H1: 2016-17 | I1: 2017-18 | J1: 2018-19 | K1: 2019-20 | L1: 2020-21 | M1: 2021-22 | N1: 2022-23 | O1: 2023-24 | P1: 2024-25 | Q1: 2025-26 | R1: 2026-27 | S1: 2027-28 | T1: 2028-29 | U1: 2029-30 | V1: 2030-31 | W1: 2031-32 | X1: 2032-33 | Y1: 2033-34 | Z1: 2034-35 | AA1: 2035-36 | AB1: 2036-37 | AC1: 2037-38
A2: Highlights of AI delivery system
A3: 3000 AI centres would use semen doses from semen stations strengthened or established by NDSP
A4: All semen doses used by these 3000 AI centres would be from bulls produced by bull production programmes funded by NDSP
A5: AI delivery programme under NDSP would have a better conception rate and also the daughters born from such inseminations would be of higher genetic potential for milk production
A6: Increase in conception rate leads to a decrease in intercalving period and thus there is an increse in annual milk production.
A7: The project period has been assumed to be till 2036-37 for which benefits have been accounted, though NDSP would be funded in the first phase till 2016-17. The infrastructure created with respect to AI delivery, Semen stations and bull production would be available for a longer period of time.
G9: WOP
A10: Assumptions | B10: Unit | C10: Indig. Cattle | D10: CB Cattle | E10: Buffaloes
A11: Avg. lactation yield | B11: litres | C11: =Assumptions!C3 -> 779.64 | D11: =Assumptions!D3 -> 2507.185 | E11: =Assumptions!E3 -> 1668.415 | F11: =+SUMPRODUCT(C11:E11,C17:E17) -> 1650.9133 | G11: =3.94*365 -> 1438.1 | H11: =+D11/H42-1 -> 2.1839841 | I11: =+D11/C11-1 -> 2.215824
A12: Age at first calving | B12: years | C12: =Assumptions!C4 -> 4 | D12: =Assumptions!D4 -> 3 | E12: =Assumptions!E4 -> 4
A13: No. of lactations per animal | B13: Nos | C13: =Assumptions!C5 -> 5 | D13: =Assumptions!D5 -> 5 | E13: =Assumptions!E5 -> 5
A14: Anuual Increase in milk yield | B14: % | C14: =Assumptions!C6 -> 0.01 | D14: =Assumptions!D6 -> 0.01 | E14: =Assumptions!E6 -> 0.01
A15: Calving rate over pregnancy | C15: =Assumptions!C7 -> 0.9 | D15: =Assumptions!D7 -> 0.9 | E15: =Assumptions!E7 -> 0.9
A16: female calves alive rate | C16: =Assumptions!C8 -> 0.9 | D16: =Assumptions!D8 -> 0.9 | E16: =Assumptions!E8 -> 0.9 | G16: =514/C11 -> 0.65927864 | H16: =514/G11 -> 0.35741604
A17: Breed-wise Composition of AI done | B17: % | C17: 0.35 | D17: 0.35 | E17: =Assumptions!E9 -> 0.3 | G17: =+G16/15 -> 0.043951909 | H17: =+H16/15 -> 0.023827736
C19: Without NDSP | D19: With NDSP
A20: Conception rate | C20: =Assumptions!B14 -> 0.35 | D20: =Assumptions!C14 -> 0.45
A22: Lactation Period | B22: days | C22: =+Assumptions!C26 -> 305 | D22: =+Assumptions!D26 -> 305 | E22: =+Assumptions!E26 -> 305
A24: AI centres (Incremental) | B24: Nos. | C24: 700 | D24: 640 | E24: 840 | F24: 420 | G24: 400 | H24: 0 | I24: 0 | J24: 0 | K24: 0 | L24: 0 | M24: 0 | N24: 0 | O24: 0 | P24: 0 | Q24: 0 | R24: 0 | S24: 0 | T24: 0 | U24: 0 | V24: 0 | W24: 0 | X24: 0 | Y24: 0 | Z24: 0 | AA24: 0 | AB24: 0
A25: AI Nos. | B25: Lakhs | C25: 3.8 | D25: 8.7 | E25: 16.1 | F25: 23.4 | G25: 31.9 | H25: 38.5 | I25: =H25 -> 38.5 | J25: =I25 -> 38.5 | K25: =J25 -> 38.5 | L25: =K25 -> 38.5 | M25: =L25 -> 38.5 | N25: =M25 -> 38.5 | O25: =N25 -> 38.5 | P25: =O25 -> 38.5 | ... AB25: =AA25 -> 38.5
A26: AI Nos. | B26: Nos. | C26: =C25*100000 -> 380000 | D26: =D25*100000 -> 870000 | E26: =E25*100000 -> 1610000 | F26: =F25*100000 -> 2340000 | G26: =G25*100000 -> 3190000 | H26: =H25*100000 -> 3850000 | I26: =I25*100000 -> 3850000 | J26: =J25*100000 -> 3850000 | ... AB26: =AB25*100000 -> 3850000
C28: Without NDSP | D28: With NDSP | E28: Difference
A29: INDIGENOUS COWS
A30: AI Nos. | B30: Nos. | C30: =C26*$C$17 -> 133000 | D30: =D26*$C$17 -> 304500 | E30: =E26*$C$17 -> 563500 | F30: =F26*$C$17 -> 819000 | G30: =G26*$C$17 -> 1116500 | H30: =H26*$C$17 -> 1347500 | I30: =I26*$C$17 -> 1347500 | J30: =J26*$C$17 -> 1347500 | ... AB30: =AB26*$C$17 -> 1347500
A31: Inter-Calving period | C31: =280+60+((1/C20)-1)*22 -> 380.85714 | D31: =280+60+((1/D20)-1)*22 -> 366.88889 | E31: =C31-D31 -> 13.968254
A33: Impact of Increase in Conception rate
A34: Avg, Milk produced per day | B34: litres | C34: =C11/C22 -> 2.5561967
A35: Increase in milk production due to reduction in inter-calving period per animal | B35: litres | C35: =C34*E31 -> 35.705605
A36: Animals calved successfully | B36: Nos | D36: =C30*$D$20*$C$15*365/$D$31 -> 53587.682 | E36: =(D30*$D$20*$C$15*365/$D$31)+(C30*$D$20*$C$15*($D$31-365)/$D$31) -> 122964.91 | F36: =(E30*$D$20*$C$15*365/$D$31)+(D30*$D$20*$C$15*($D$31-365)/$D$31) -> 227677.46 | G36: =(F30*$D$20*$C$15*365/$D$31)+(E30*$D$20*$C$15*($D$31-365)/$D$31) -> 331162.26 | H36: =(G30*$D$20*$C$15*365/$D$31)+(F30*$D$20*$C$15*($D$31-365)/$D$31) -> 451562.18 | I36: =(H30*$D$20*$C$15*365/$D$31)+(G30*$D$20*$C$15*($D$31-365)/$D$31) -> 545255.84 | J36: =(I30*$D$20*$C$15*365/$D$31)+(H30*$D$20*$C$15*($D$31-365)/$D$31) -> 545737.5 | K36: =(J30*$D$20*$C$15*365/$D$31)+(I30*$D$20*$C$15*($D$31-365)/$D$31) -> 545737.5 | L36: =(K30*$D$20*$C$15*365/$D$31)+(J30*$D$20*$C$15*($D$31-365)/$D$31) -> 545737.5 | ... AB36: =(AA30*$D$20*$C$15*365/$D$31)+(Z30*$D$20*$C$15*($D$31-365)/$D$31) -> 545737.5
A37: Increase in milk production due to reduction in inter-calving period | B37: '000 Tonnes | D37: =D36*$C$35*1.03/1000/1000 -> 1.970782 | E37: =E36*$C$35*1.03/1000/1000 -> 4.5222524 | F37: =F36*$C$35*1.03/1000/1000 -> 8.3732423 | G37: =G36*$C$35*1.03/1000/1000 -> 12.179079 | H37: =H36*$C$35*1.03/1000/1000 -> 16.607 | I37: =I36*$C$35*1.03/1000/1000 -> 20.05275 | J37: =J36*$C$35*1.03/1000/1000 -> 20.070464 | K37: =K36*$C$35*1.03/1000/1000 -> 20.070464 | ... AB37: =AB36*$C$35*1.03/1000/1000 -> 20.070464
A39: Impact of better genetics
A40: Indig. Daughters born | B40: Lakhs | D40: =D36/2/100000*$C$16*Assumptions!$C$10 -> 0.12057228 | E40: =E36/2/100000*$C$16*Assumptions!$C$10 -> 0.27667104 | F40: =F36/2/100000*$C$16*Assumptions!$C$10 -> 0.51227428 | G40: =G36/2/100000*$C$16*Assumptions!$C$10 -> 0.74511508 | H40: =H36/2/100000*$C$16*Assumptions!$C$10 -> 1.0160149 | I40: =I36/2/100000*$C$16*Assumptions!$C$10 -> 1.2268256 | J40: =J36/2/100000*$C$16*Assumptions!$C$10 -> 1.2279094 | K40: =K36/2/100000*$C$16*Assumptions!$C$10 -> 1.2279094 | ... AB40: =AB36/2/100000*$C$16*Assumptions!$C$10 -> 1.2279094
A41: CB Daughters born | B41: Lakhs | D41: =D36/2/100000*$C$16*Assumptions!$C$11 -> 0.12057228 | E41: =E36/2/100000*$C$16*Assumptions!$C$11 -> 0.27667104 | F41: =F36/2/100000*$C$16*Assumptions!$C$11 -> 0.51227428 | G41: =G36/2/100000*$C$16*Assumptions!$C$11 -> 0.74511508 | H41: =H36/2/100000*$C$16*Assumptions!$C$11 -> 1.0160149 | I41: =I36/2/100000*$C$16*Assumptions!$C$11 -> 1.2268256 | J41: =J36/2/100000*$C$16*Assumptions!$C$11 -> 1.2279094 | K41: =K36/2/100000*$C$16*Assumptions!$C$11 -> 1.2279094 | ... AB41: =AB36/2/100000*$C$16*Assumptions!$C$11 -> 1.2279094
A42: WOP Yield | C42: 0.002 | H42: =+C11*(1+$C$42*5) -> 787.4364 | I42: =+H42*(1+$C$42) -> 789.01127 | J42: =+I42*(1+$C$42) -> 790.5893 | K42: =+J42*(1+$C$42) -> 792.17047 | L42: =+K42*(1+$C$42) -> 793.75481 | M42: =+L42*(1+$C$42) -> 795.34232 | N42: =+M42*(1+$C$42) -> 796.93301 | O42: =+N42*(1+$C$42) -> 798.52688 | P42: =+O42*(1+$C$42) -> 800.12393 | ... AB42: =+AA42*(1+$C$42) -> 819.53955
A43: Indig. Daughters calved & in milk | B43: Lakhs | H43: =D40 -> 0.12057228 | I43: =SUM(D40:E40) -> 0.39724332 | J43: =SUM(D40:F40) -> 0.9095176 | K43: =SUM(D40:G40) -> 1.6546327 | L43: =SUM(D40:H40) -> 2.6706476 | M43: =SUM(E40:I40) -> 3.776901 | N43: =SUM(F40:J40) -> 4.7281393 | O43: =SUM(G40:K40) -> 5.4437744 | P43: =SUM(H40:L40) -> 5.9265687 | Q43: =SUM(I40:M40) -> 6.1384631 | R43: =SUM(J40:N40) -> 6.1395469 | S43: =SUM(K40:O40) -> 6.1395469 | ... AB43: =SUM(T40:X40) -> 6.1395469
A44: Year wise Avg. lactation yield of Indig. Daughters | B44: litres | H44: =(1+$C$14*5)*C11 -> 818.622 | I44: =(1+$C$14)*H44 -> 826.80822 | J44: =(1+$C$14)*I44 -> 835.0763 | K44: =(1+$C$14)*J44 -> 843.42707 | L44: =(1+$C$14)*K44 -> 851.86134 | M44: =(1+$C$14)*L44 -> 860.37995 | N44: =(1+$C$14)*M44 -> 868.98375 | O44: =(1+$C$14)*N44 -> 877.67359 | P44: =(1+$C$14)*O44 -> 886.45032 | ... AB44: =(1+$C$14)*AA44 -> 998.87441
A45: Increase in lactation yield of Indig, daughters with respect to base population | B45: litres | H45: =+H44-H42 -> 31.1856 | I45: =+I44-I42 -> 37.796947 | J45: =+J44-J42 -> 44.487007 | K45: =+K44-K42 -> 51.256591 | L45: =+L44-L42 -> 58.106521 | M45: =+M44-M42 -> 65.037625 | N45: =+N44-N42 -> 72.05074 | O45: =+O44-O42 -> 79.146711 | ... AB45: =+AB44-AB42 -> 179.33486
A47: Incrmntl Milk production Matrix
A48: 1st lactation | B48: litres | H48: =H$45*D$40*100000 -> 376011.9 | I48: =I$45*E$40*100000 -> 1045732.1 | J48: =J$45*F$40*100000 -> 2278955 | K48: =K$45*G$40*100000 -> 3819205.9 | L48: =L$45*H$40*100000 -> 5903709.2 | M48: =M$45*I$40*100000 -> 7978982.6 | N48: =N$45*J$40*100000 -> 8847177.9 | O48: =O$45*K$40*100000 -> 9718498.8 | ... AB48: =AB$45*X$40*100000 -> 22020696
A49: 2nd lactation | B49: litres | I49: =H$45*D$40*100000 -> 376011.9 | J49: =I$45*E$40*100000 -> 1045732.1 | K49: =J$45*F$40*100000 -> 2278955 | L49: =K$45*G$40*100000 -> 3819205.9 | M49: =L$45*H$40*100000 -> 5903709.2 | N49: =M$45*I$40*100000 -> 7978982.6 | O49: =N$45*J$40*100000 -> 8847177.9 | P49: =O$45*K$40*100000 -> 9718498.8 | ... AB49: =AA$45*W$40*100000 -> 21007175
A50: 3rd lactation | B50: litres | J50: =H$45*D$40*100000 -> 376011.9 | K50: =I$45*E$40*100000 -> 1045732.1 | L50: =J$45*F$40*100000 -> 2278955 | M50: =K$45*G$40*100000 -> 3819205.9 | N50: =L$45*H$40*100000 -> 5903709.2 | O50: =M$45*I$40*100000 -> 7978982.6 | P50: =N$45*J$40*100000 -> 8847177.9 | Q50: =O$45*K$40*100000 -> 9718498.8 | ... AB50: =Z$45*V$40*100000 -> 20005276
A51: 4th lactation | B51: litres | K51: =H$45*D$40*100000 -> 376011.9 | L51: =I$45*E$40*100000 -> 1045732.1 | M51: =J$45*F$40*100000 -> 2278955 | N51: =K$45*G$40*100000 -> 3819205.9 | O51: =L$45*H$40*100000 -> 5903709.2 | P51: =M$45*I$40*100000 -> 7978982.6 | Q51: =N$45*J$40*100000 -> 8847177.9 | R51: =O$45*K$40*100000 -> 9718498.8 | ... AB51: =Y$45*U$40*100000 -> 19014882
A52: 5th lactation | B52: litres | L52: =H$45*D$40*100000 -> 376011.9 | M52: =I$45*E$40*100000 -> 1045732.1 | N52: =J$45*F$40*100000 -> 2278955 | O52: =K$45*G$40*100000 -> 3819205.9 | P52: =L$45*H$40*100000 -> 5903709.2 | Q52: =M$45*I$40*100000 -> 7978982.6 | R52: =N$45*J$40*100000 -> 8847177.9 | S52: =O$45*K$40*100000 -> 9718498.8 | ... AB52: =X$45*T$40*100000 -> 18035876
A53: Total | B53: litres | H53: =SUM(H48:H52) -> 376011.9 | I53: =SUM(I48:I52) -> 1421744 | J53: =SUM(J48:J52) -> 3700698.9 | K53: =SUM(K48:K52) -> 7519904.8 | L53: =SUM(L48:L52) -> 13423614 | M53: =SUM(M48:M52) -> 21026585 | N53: =SUM(N48:N52) -> 28828030 | O53: =SUM(O48:O52) -> 36267574 | ... AB53: =SUM(AB48:AB52) -> 1.000839e+08
A55: Incrmntl. Milk production due to higher genetic Indig. daughters | B55: '000 Tonnes | H55: =H53*(365/$D$31)*1.03/1000/1000 -> 0.38529833 | I55: =((H53*($D$31-365)/$D$31)+(I53*(365/$D$31)))*1.03/1000/1000 -> 1.4588509 | J55: =((I53*($D$31-365)/$D$31)+(J53*(365/$D$31)))*1.03/1000/1000 -> 3.7996349 | K55: =((J53*($D$31-365)/$D$31)+(K53*(365/$D$31)))*1.03/1000/1000 -> 7.7252493 | L55: =((K53*($D$31-365)/$D$31)+(L53*(365/$D$31)))*1.03/1000/1000 -> 13.795016 | M55: =((L53*($D$31-365)/$D$31)+(M53*(365/$D$31)))*1.03/1000/1000 -> 21.617065 | N55: =((M53*($D$31-365)/$D$31)+(N53*(365/$D$31)))*1.03/1000/1000 -> 29.651502 | O55: =((N53*($D$31-365)/$D$31)+(O53*(365/$D$31)))*1.03/1000/1000 -> 37.316151 | P55: =((O53*($D$31-365)/$D$31)+(P53*(365/$D$31)))*1.03/1000/1000 -> 44.303963 | ... AB55: =((AA53*($D$31-365)/$D$31)+(AB53*(365/$D$31)))*1.03/1000/1000 -> 103.06016
A57: CB Daughters calved & in-milk | B57: Lakhs | G57: =D41 -> 0.12057228 | H57: =SUM(D41:E41) -> 0.39724332 | I57: =SUM(D41:F41) -> 0.9095176 | J57: =SUM(D41:G41) -> 1.6546327 | K57: =SUM(D41:H41) -> 2.6706476 | L57: =SUM(E41:I41) -> 3.776901 | M57: =SUM(F41:J41) -> 4.7281393 | N57: =SUM(G41:K41) -> 5.4437744 | O57: =SUM(H41:L41) -> 5.9265687 | P57: =SUM(I41:M41) -> 6.1384631 | Q57: =SUM(J41:N41) -> 6.1395469 | R57: =SUM(K41:O41) -> 6.1395469 | ... AB57: =SUM(U41:Y41) -> 6.1395469
A58: Year wise Avg. lactation yield of CB Daughters | B58: litres | G58: =$D$11 -> 2507.185 | H58: =$D$11 -> 2507.185 | I58: =$D$11 -> 2507.185 | J58: =$D$11 -> 2507.185 | K58: =$D$11 -> 2507.185 | L58: =$D$11 -> 2507.185 | M58: =$D$11 -> 2507.185 | N58: =$D$11 -> 2507.185 | ... AB58: =$D$11 -> 2507.185
A59: Increase in lactation yield of CB daughters with respect to base population | B59: litres | G59: =+G58-$C$11 -> 1727.545 | H59: =+H58-$C$11 -> 1727.545 | I59: =+I58-$C$11 -> 1727.545 | J59: =+J58-$C$11 -> 1727.545 | K59: =+K58-$C$11 -> 1727.545 | L59: =+L58-$C$11 -> 1727.545 | M59: =+M58-$C$11 -> 1727.545 | N59: =+N58-$C$11 -> 1727.545 | ... AB59: =+AB58-$C$11 -> 1727.545
A61: Incrmntl Milk production Matrix
A62: 1st lactation | B62: litres | G62: =D41*G59*100000 -> 20829405 | H62: =E41*H59*100000 -> 47796167 | I62: =F41*I59*100000 -> 88497688 | J62: =G41*J59*100000 -> 1.2872198e+08 | K62: =H41*K59*100000 -> 1.7552115e+08 | L62: =I41*L59*100000 -> 2.1193965e+08 | M62: =J41*M59*100000 -> 2.1212687e+08 | N62: =K41*N59*100000 -> 2.1212687e+08 | ... AB62: =Y41*AB59*100000 -> 2.1212687e+08
A63: 2nd lactation | B63: litres | H63: =D41*G59*100000 -> 20829405 | I63: =E41*H59*100000 -> 47796167 | J63: =F41*I59*100000 -> 88497688 | K63: =G41*J59*100000 -> 1.2872198e+08 | L63: =H41*K59*100000 -> 1.7552115e+08 | M63: =I41*L59*100000 -> 2.1193965e+08 | N63: =J41*M59*100000 -> 2.1212687e+08 | O63: =K41*N59*100000 -> 2.1212687e+08 | ... AB63: =X41*AA59*100000 -> 2.1212687e+08
A64: 3rd lactation | B64: litres | I64: =D41*G59*100000 -> 20829405 | J64: =E41*H59*100000 -> 47796167 | K64: =F41*I59*100000 -> 88497688 | L64: =G41*J59*100000 -> 1.2872198e+08 | M64: =H41*K59*100000 -> 1.7552115e+08 | N64: =I41*L59*100000 -> 2.1193965e+08 | O64: =J41*M59*100000 -> 2.1212687e+08 | P64: =K41*N59*100000 -> 2.1212687e+08 | ... AB64: =W41*Z59*100000 -> 2.1212687e+08
A65: 4th lactation | B65: litres | J65: =D41*G59*100000 -> 20829405 | K65: =E41*H59*100000 -> 47796167 | L65: =F41*I59*100000 -> 88497688 | M65: =G41*J59*100000 -> 1.2872198e+08 | N65: =H41*K59*100000 -> 1.7552115e+08 | O65: =I41*L59*100000 -> 2.1193965e+08 | P65: =J41*M59*100000 -> 2.1212687e+08 | Q65: =K41*N59*100000 -> 2.1212687e+08 | ... AB65: =V41*Y59*100000 -> 2.1212687e+08
A66: 5th lactation | B66: litres | K66: =D41*G59*100000 -> 20829405 | L66: =E41*H59*100000 -> 47796167 | M66: =F41*I59*100000 -> 88497688 | N66: =G41*J59*100000 -> 1.2872198e+08 | O66: =H41*K59*100000 -> 1.7552115e+08 | P66: =I41*L59*100000 -> 2.1193965e+08 | Q66: =J41*M59*100000 -> 2.1212687e+08 | R66: =K41*N59*100000 -> 2.1212687e+08 | ... AB66: =U41*X59*100000 -> 2.1212687e+08
A67: Total | B67: litres | G67: =SUM(G62:G66) -> 20829405 | H67: =SUM(H62:H66) -> 68625571 | I67: =SUM(I62:I66) -> 1.5712326e+08 | J67: =SUM(J62:J66) -> 2.8584524e+08 | K67: =SUM(K62:K66) -> 4.6136639e+08 | L67: =SUM(L62:L66) -> 6.5247664e+08 | M67: =SUM(M62:M66) -> 8.1680734e+08 | N67: =SUM(N62:N66) -> 9.4043652e+08 | ... AB67: =SUM(AB62:AB66) -> 1.0606344e+09
A69: Incrmtl. Milk production due to CB daughters | B69: '000 Tonnes | G69: =G67*(365/$D$31)*1.03/1000/1000 -> 21.343832 | H69: =((G67*($D$31 -365)/$D$31)+(H67*365/$D$31))*1.03/1000/1000 -> 70.430883 | I69: =((H67*($D$31 -365)/$D$31)+(I67*365/$D$31))*1.03/1000/1000 -> 161.36767 | J69: =((I67*($D$31 -365)/$D$31)+(J67*365/$D$31))*1.03/1000/1000 -> 293.73801 | K69: =((J67*($D$31 -365)/$D$31)+(K67*365/$D$31))*1.03/1000/1000 -> 474.27662 | L69: =((K67*($D$31 -365)/$D$31)+(L67*365/$D$31))*1.03/1000/1000 -> 671.03751 | M69: =((L67*($D$31 -365)/$D$31)+(M67*365/$D$31))*1.03/1000/1000 -> 840.44014 | N69: =((M67*($D$31 -365)/$D$31)+(N67*365/$D$31))*1.03/1000/1000 -> 967.99403 | O69: =((N67*($D$31 -365)/$D$31)+(O67*365/$D$31))*1.03/1000/1000 -> 1054.1144 | ... AB69: =((AA67*($D$31 -365)/$D$31)+(AB67*365/$D$31))*1.03/1000/1000 -> 1092.4534
A71: Incrmntl. Milk production due to better genetics | B71: '000 Tonnes | G71: =G69+G55 -> 21.343832 | H71: =H69+H55 -> 70.816181 | I71: =I69+I55 -> 162.82652 | J71: =J69+J55 -> 297.53764 | K71: =K69+K55 -> 482.00187 | L71: =L69+L55 -> 684.83252 | M71: =M69+M55 -> 862.0572 | N71: =N69+N55 -> 997.64553 | ... AB71: =AB69+AB55 -> 1195.5135
A73: Incremntl milk production due to AI & LN delivery systems, semen production & Bull production (INDIG. COWS) | B73: '000 Tonnes | D73: =D71+D37 -> 1.970782 | E73: =E71+E37 -> 4.5222524 | F73: =F71+F37 -> 8.3732423 | G73: =G71+G37 -> 33.522911 | H73: =H71+H37 -> 87.423181 | I73: =I71+I37 -> 182.87927 | J73: =J71+J37 -> 317.60811 | K73: =K71+K37 -> 502.07233 | ... AB73: =AB71+AB37 -> 1215.584
A75: CROSSBRED COWS
A76: AI Nos. | B76: Nos. | C76: =C26*$D$17 -> 133000 | D76: =D26*$D$17 -> 304500 | E76: =E26*$D$17 -> 563500 | F76: =F26*$D$17 -> 819000 | G76: =G26*$D$17 -> 1116500 | H76: =H26*$D$17 -> 1347500 | I76: =I26*$D$17 -> 1347500 | J76: =J26*$D$17 -> 1347500 | ... AB76: =AB26*$D$17 -> 1347500
A77: Inter-Calving period | C77: =280+60+((1/C20)-1)*22 -> 380.85714 | D77: =280+60+((1/D20)-1)*22 -> 366.88889 | E77: =C77-D77 -> 13.968254
A79: Impact of Increase in Conception rate
A80: Avg, Milk produced per day | B80: litres | C80: =D11/D22 -> 8.2202787
A81: Increase in milk production due to reduction in inter-calving period per animal | B81: litres | C81: =C80*E77 -> 114.82294
A82: Animals calved successfully | B82: Nos | D82: =C76*$D$20*$D$15*365/$D$77 -> 53587.682 | E82: =(D76*$D$20*$D$15*(365/$D$77))+(C76*$D$20*$D$15*($D$77-365)/$D$77) -> 122964.91 | F82: =(E76*$D$20*$D$15*(365/$D$77))+(D76*$D$20*$D$15*($D$77-365)/$D$77) -> 227677.46 | G82: =(F76*$D$20*$D$15*(365/$D$77))+(E76*$D$20*$D$15*($D$77-365)/$D$77) -> 331162.26 | H82: =(G76*$D$20*$D$15*(365/$D$77))+(F76*$D$20*$D$15*($D$77-365)/$D$77) -> 451562.18 | I82: =(H76*$D$20*$D$15*(365/$D$77))+(G76*$D$20*$D$15*($D$77-365)/$D$77) -> 545255.84 | J82: =(I76*$D$20*$D$15*(365/$D$77))+(H76*$D$20*$D$15*($D$77-365)/$D$77) -> 545737.5 | K82: =(J76*$D$20*$D$15*(365/$D$77))+(I76*$D$20*$D$15*($D$77-365)/$D$77) -> 545737.5 | L82: =(K76*$D$20*$D$15*(365/$D$77))+(J76*$D$20*$D$15*($D$77-365)/$D$77) -> 545737.5 | ... AB82: =(AA76*$D$20*$D$15*(365/$D$77))+(Z76*$D$20*$D$15*($D$77-365)/$D$77) -> 545737.5
A83: Increase in milk production due to reduction in inter-calving period | B83: '000 Tonnes | D83: =D82*$C$81*1.03/1000/1000 -> 6.337688 | E83: =E82*$C$81*1.03/1000/1000 -> 14.542768 | F83: =F82*$C$81*1.03/1000/1000 -> 26.926873 | G83: =G82*$C$81*1.03/1000/1000 -> 39.165775 | H83: =H82*$C$81*1.03/1000/1000 -> 53.405189 | I83: =I82*$C$81*1.03/1000/1000 -> 64.486115 | J83: =J82*$C$81*1.03/1000/1000 -> 64.54308 | K83: =K82*$C$81*1.03/1000/1000 -> 64.54308 | ... AB83: =AB82*$C$81*1.03/1000/1000 -> 64.54308
A84: WOP
A85: Impact of better genetics
A86: Daughters born | B86: Lakhs | D86: =D82/2/100000*$D$16 -> 0.24114457 | E86: =E82/2/100000*$D$16 -> 0.55334207 | F86: =F82/2/100000*$D$16 -> 1.0245486 | G86: =G82/2/100000*$D$16 -> 1.4902302 | H86: =H82/2/100000*$D$16 -> 2.0320298 | I86: =I82/2/100000*$D$16 -> 2.4536513 | J86: =J82/2/100000*$D$16 -> 2.4558187 | K86: =K82/2/100000*$D$16 -> 2.4558187 | ... AB86: =AB82/2/100000*$D$16 -> 2.4558187
A87: Daughters calved & in milk | B87: Lakhs | G87: =D86 -> 0.24114457 | H87: =SUM(D86:E86) -> 0.79448664 | I87: =SUM(D86:F86) -> 1.8190352 | J87: =SUM(D86:G86) -> 3.3092654 | K87: =SUM(D86:H86) -> 5.3412952 | L87: =SUM(E86:I86) -> 7.5538019 | M87: =SUM(F86:J86) -> 9.4562786 | N87: =SUM(G86:K86) -> 10.887549 | O87: =SUM(H86:L86) -> 11.853137 | P87: =SUM(I86:M86) -> 12.276926 | Q87: =SUM(J86:N86) -> 12.279094 | R87: =SUM(K86:O86) -> 12.279094 | ... AB87: =SUM(U86:Y86) -> 12.279094
A88: Year wise Avg. lactation yield of CB Daughters | B88: litres | G88: =(1+$D$14*5)*D11 -> 2632.5442 | H88: =(1+$D$14)*G88 -> 2658.8697 | I88: =(1+$D$14)*H88 -> 2685.4584 | J88: =(1+$D$14)*I88 -> 2712.313 | K88: =(1+$D$14)*J88 -> 2739.4361 | L88: =(1+$D$14)*K88 -> 2766.8305 | M88: =(1+$D$14)*L88 -> 2794.4988 | N88: =(1+$D$14)*M88 -> 2822.4438 | O88: =(1+$D$14)*N88 -> 2850.6682 | ... AB88: =(1+$D$14)*AA88 -> 3244.3263
A89: Increase in lactation yield of CB daughters with respect to base population | B89: litres | G89: =G88-$D$11 -> 125.35925 | H89: =H88-$D$11 -> 151.68469 | I89: =I88-$D$11 -> 178.27339 | J89: =J88-$D$11 -> 205.12797 | K89: =K88-$D$11 -> 232.2511 | L89: =L88-$D$11 -> 259.64546 | M89: =M88-$D$11 -> 287.31377 | N89: =N88-$D$11 -> 315.25876 | ... AB89: =AB88-$D$11 -> 737.14132
A91: Incrmntl Milk production Matrix
A92: 1st lactation | B92: litres | G92: =G89*D86*100000 -> 3022970.2 | H92: =H89*E86*100000 -> 8393352.2 | I92: =I89*F86*100000 -> 18264975 | J92: =J89*G86*100000 -> 30568789 | K92: =K89*H86*100000 -> 47194117 | L92: =L89*I86*100000 -> 63707943 | M92: =M89*J86*100000 -> 70559054 | N92: =N89*K86*100000 -> 77421837 | ... AB92: =AB89*Y86*100000 -> 1.8102855e+08
A93: 2nd lactation | B93: litres | H93: =G89*D86*100000 -> 3022970.2 | I93: =H89*E86*100000 -> 8393352.2 | J93: =I89*F86*100000 -> 18264975 | K93: =J89*G86*100000 -> 30568789 | L93: =K89*H86*100000 -> 47194117 | M93: =L89*I86*100000 -> 63707943 | N93: =M89*J86*100000 -> 70559054 | O93: =N89*K86*100000 -> 77421837 | ... AB93: =AA89*X86*100000 -> 1.7313996e+08
A94: 3rd lactation | B94: litres | I94: =G89*D86*100000 -> 3022970.2 | J94: =H89*E86*100000 -> 8393352.2 | K94: =I89*F86*100000 -> 18264975 | L94: =J89*G86*100000 -> 30568789 | M94: =K89*H86*100000 -> 47194117 | N94: =L89*I86*100000 -> 63707943 | O94: =M89*J86*100000 -> 70559054 | P94: =N89*K86*100000 -> 77421837 | ... AB94: =Z89*W86*100000 -> 1.6532947e+08
A95: 4th lactation | B95: litres | J95: =G89*D86*100000 -> 3022970.2 | K95: =H89*E86*100000 -> 8393352.2 | L95: =I89*F86*100000 -> 18264975 | M95: =J89*G86*100000 -> 30568789 | N95: =K89*H86*100000 -> 47194117 | O95: =L89*I86*100000 -> 63707943 | P95: =M89*J86*100000 -> 70559054 | Q95: =N89*K86*100000 -> 77421837 | ... AB95: =Y89*V86*100000 -> 1.5759631e+08
A96: 5th lactation | B96: litres | K96: =G89*D86*100000 -> 3022970.2 | L96: =H89*E86*100000 -> 8393352.2 | M96: =I89*F86*100000 -> 18264975 | N96: =J89*G86*100000 -> 30568789 | O96: =K89*H86*100000 -> 47194117 | P96: =L89*I86*100000 -> 63707943 | Q96: =M89*J86*100000 -> 70559054 | R96: =N89*K86*100000 -> 77421837 | ... AB96: =X89*U86*100000 -> 1.4993972e+08
A97: Total | B97: litres | G97: =SUM(G92:G96) -> 3022970.2 | H97: =SUM(H92:H96) -> 11416322 | I97: =SUM(I92:I96) -> 29681297 | J97: =SUM(J92:J96) -> 60250086 | K97: =SUM(K92:K96) -> 1.074442e+08 | L97: =SUM(L92:L96) -> 1.6812918e+08 | M97: =SUM(M92:M96) -> 2.3029488e+08 | N97: =SUM(N92:N96) -> 2.8945174e+08 | ... AB97: =SUM(AB92:AB96) -> 8.2703401e+08
A99: Increntl. milk production due to better genetics | B99: '000 Tonnes | G99: =G97*(365/$D$77)*1.03/1000/1000 -> 3.097629 | H99: =((G97*($D$77-365)/$D$77)+(H97*365/$D$77))*1.03/1000/1000 -> 11.714303 | I99: =((H97*($D$77-365)/$D$77)+(I97*365/$D$77))*1.03/1000/1000 -> 30.47488 | J99: =((I97*($D$77-365)/$D$77)+(J97*365/$D$77))*1.03/1000/1000 -> 61.895487 | K99: =((J97*($D$77-365)/$D$77)+(K97*365/$D$77))*1.03/1000/1000 -> 110.41727 | L99: =((K97*($D$77-365)/$D$77)+(L97*365/$D$77))*1.03/1000/1000 -> 172.85125 | M99: =((L97*($D$77-365)/$D$77)+(M97*365/$D$77))*1.03/1000/1000 -> 236.87407 | N99: =((M97*($D$77-365)/$D$77)+(N97*365/$D$77))*1.03/1000/1000 -> 297.82159 | O99: =((N97*($D$77-365)/$D$77)+(O97*365/$D$77))*1.03/1000/1000 -> 353.24807 | ... AB99: =((AA97*($D$77-365)/$D$77)+(AB97*365/$D$77))*1.03/1000/1000 -> 851.63997
A101: Incrmntl. Milk production due to AI & LN delivery systems, semen production & Bull production (CROSSBRED COWS) | B101: '000 Tonnes | C101: =C99+C83 -> 0 | D101: =D99+D83 -> 6.337688 | E101: =E99+E83 -> 14.542768 | F101: =F99+F83 -> 26.926873 | G101: =G99+G83 -> 42.263404 | H101: =H99+H83 -> 65.119492 | I101: =I99+I83 -> 94.960995 | J101: =J99+J83 -> 126.43857 | ... AB101: =AB99+AB83 -> 916.18305
A104: BUFFALOES
A105: AI Nos. | B105: Nos. | C105: =C26*$E$17 -> 114000 | D105: =D26*$E$17 -> 261000 | E105: =E26*$E$17 -> 483000 | F105: =F26*$E$17 -> 702000 | G105: =G26*$E$17 -> 957000 | H105: =H26*$E$17 -> 1155000 | I105: =I26*$E$17 -> 1155000 | J105: =J26*$E$17 -> 1155000 | ... AB105: =AB26*$E$17 -> 1155000
A106: Inter-Calving period | C106: =310+60+((1/C20)-1)*22 -> 410.85714 | D106: =310+60+((1/D20)-1)*22 -> 396.88889 | E106: =C106-D106 -> 13.968254
A108: Impact of Increase in Conception rate
A109: Avg, Milk produced per day | B109: litres | C109: =E11/E22 -> 5.4702131
A110: Increase in milk production due to reduction in inter-calving period per animal | B110: litres | C110: =C109*E106 -> 76.409326
A111: Animals calved successfully | B111: Nos | D111: =C105*$D$20*$E$15*365/$D$106 -> 42460.372 | E111: =((D105*$D$20*$E$15*(365/$D$106))+(C105*$D$20*$E$15*($D$106-365)/$D$106)) -> 100921.53 | F111: =((E105*$D$20*$E$15*(365/$D$106))+(D105*$D$20*$E$15*($D$106-365)/$D$106)) -> 188390.99 | G111: =((F105*$D$20*$E$15*(365/$D$106))+(E105*$D$20*$E$15*($D$106-365)/$D$106)) -> 277183.61 | H111: =((G105*$D$20*$E$15*(365/$D$106))+(F105*$D$20*$E$15*($D$106-365)/$D$106)) -> 379287.15 | I111: =((H105*$D$20*$E$15*(365/$D$106))+(G105*$D$20*$E$15*($D$106-365)/$D$106)) -> 461331.96 | J111: =((I105*$D$20*$E$15*(365/$D$106))+(H105*$D$20*$E$15*($D$106-365)/$D$106)) -> 467775 | K111: =((J105*$D$20*$E$15*(365/$D$106))+(I105*$D$20*$E$15*($D$106-365)/$D$106)) -> 467775 | L111: =((K105*$D$20*$E$15*(365/$D$106))+(J105*$D$20*$E$15*($D$106-365)/$D$106)) -> 467775 | ... AB111: =((AA105*$D$20*$E$15*(365/$D$106))+(Z105*$D$20*$E$15*($D$106-365)/$D$106)) -> 467775
A112: Increase in milk production due to reduction in inter-calving period | B112: '000 Tonnes | D112: =D111*$C$110*1.03/1000/1000 -> 3.3416995 | E112: =E111*$C$110*1.03/1000/1000 -> 7.9426867 | F112: =F111*$C$110*1.03/1000/1000 -> 14.826673 | G112: =G111*$C$110*1.03/1000/1000 -> 21.814795 | H112: =H111*$C$110*1.03/1000/1000 -> 29.850508 | I112: =I111*$C$110*1.03/1000/1000 -> 36.307566 | J112: =J111*$C$110*1.03/1000/1000 -> 36.814644 | K112: =K111*$C$110*1.03/1000/1000 -> 36.814644 | ... AB112: =AB111*$C$110*1.03/1000/1000 -> 36.814644
A114: Impact of better genetics
A115: Daughters born | B115: Lakhs | D115: =D111/2/100000*$E$16 -> 0.19107168 | E115: =E111/2/100000*$E$16 -> 0.4541469 | F115: =F111/2/100000*$E$16 -> 0.84775945 | G115: =G111/2/100000*$E$16 -> 1.2473262 | H115: =H111/2/100000*$E$16 -> 1.7067922 | I115: =I111/2/100000*$E$16 -> 2.0759938 | J115: =J111/2/100000*$E$16 -> 2.1049875 | K115: =K111/2/100000*$E$16 -> 2.1049875 | ... AB115: =AB111/2/100000*$E$16 -> 2.1049875
A116: Daughters calved & in-milk | B116: Lakhs | H116: =D115 -> 0.19107168 | I116: =SUM(D115:E115) -> 0.64521857 | J116: =SUM(D115:F115) -> 1.492978 | K116: =SUM(D115:G115) -> 2.7403043 | L116: =SUM(D115:H115) -> 4.4470964 | M116: =SUM(E115:I115) -> 6.3320186 | N116: =SUM(F115:J115) -> 7.9828592 | O116: =SUM(G115:K115) -> 9.2400872 | P116: =SUM(H115:L115) -> 10.097749 | Q116: =SUM(I115:M115) -> 10.495944 | R116: =SUM(J115:N115) -> 10.524938 | S116: =SUM(K115:O115) -> 10.524938 | ... AB116: =SUM(T115:X115) -> 10.524938
A117: WOP
A118: Year wise Avg. lactation yield of CB Daughters | B118: litres | H118: =(1+$E$14*5)*E11 -> 1751.8357 | I118: =(1+$E$14)*H118 -> 1769.3541 | J118: =(1+$E$14)*I118 -> 1787.0476 | K118: =(1+$E$14)*J118 -> 1804.9181 | L118: =(1+$E$14)*K118 -> 1822.9673 | M118: =(1+$E$14)*L118 -> 1841.197 | N118: =(1+$E$14)*M118 -> 1859.6089 | O118: =(1+$E$14)*N118 -> 1878.205 | P118: =(1+$E$14)*O118 -> 1896.9871 | ... AB118: =(1+$E$14)*AA118 -> 2137.5725
A119: Increase in lactation yield of CB daughters with respect to base population | B119: litres | H119: =H118-$E$11 -> 83.42075 | I119: =I118-$E$11 -> 100.93911 | J119: =J118-$E$11 -> 118.63265 | K119: =K118-$E$11 -> 136.50313 | L119: =L118-$E$11 -> 154.55231 | M119: =M118-$E$11 -> 172.78198 | N119: =N118-$E$11 -> 191.19395 | O119: =O118-$E$11 -> 209.79004 | ... AB119: =AB118-$E$11 -> 469.15753
A121: Incrmntl Milk production Matrix
A122: 1st lactation | B122: litres | H122: =H119*D115*100000 -> 1593934.2 | I122: =I119*E115*100000 -> 4584118.2 | J122: =J119*F115*100000 -> 10057195 | K122: =K119*G115*100000 -> 17026393 | L122: =L119*H115*100000 -> 26378867 | M122: =M119*I115*100000 -> 35869432 | N122: =N119*J115*100000 -> 40246087 | O122: =O119*K115*100000 -> 44160541 | ... AB122: =AB119*X115*100000 -> 98757074
A123: 2nd lactation | B123: litres | I123: =H119*D115*100000 -> 1593934.2 | J123: =I119*E115*100000 -> 4584118.2 | K123: =J119*F115*100000 -> 10057195 | L123: =K119*G115*100000 -> 17026393 | M123: =L119*H115*100000 -> 26378867 | N123: =M119*I115*100000 -> 35869432 | O123: =N119*J115*100000 -> 40246087 | P123: =O119*K115*100000 -> 44160541 | ... AB123: =AA119*W115*100000 -> 94302061
A124: 3rd lactation | B124: litres | J124: =H119*D115*100000 -> 1593934.2 | K124: =I119*E115*100000 -> 4584118.2 | L124: =J119*F115*100000 -> 10057195 | M124: =K119*G115*100000 -> 17026393 | N124: =L119*H115*100000 -> 26378867 | O124: =M119*I115*100000 -> 35869432 | P124: =N119*J115*100000 -> 40246087 | Q124: =O119*K115*100000 -> 44160541 | ... AB124: =Z119*V115*100000 -> 89891157
...

Sheet NDSP Bull, SS & Non-NDSP AI
B1: Unit | C1: 2011-12 | D1: 2012-13 | E1: 2013-14 | F1: 2014-15 | G1: 2015-16 | H1: 2016-17 | I1: 2017-18 | J1: 2018-19 | K1: 2019-20 | L1: 2020-21 | M1: 2021-22 | N1: 2022-23 | O1: 2023-24 | P1: 2024-25 | Q1: 2025-26 | R1: 2026-27 | S1: 2027-28 | T1: 2028-29 | U1: 2029-30 | V1: 2030-31 | W1: 2031-32 | X1: 2032-33 | Y1: 2033-34 | Z1: 2034-35 | AA1: 2035-36 | AB1: 2036-37 | AC1: 2037-38
A2: Highlights of Semen Production
A3: 28 Semen Stations would be strenghened and 2 new semen station would be established
A4: Semen doses produced by them would be available for sale across the country, incl. 3000 AI centres that are getting established under NDSP.
A5: Semen doses produced by semen stations funded by NDSP would lead to higher conception rate and also the daughters born from such inseminations would have higher genetic potential for milk production
A6: All semen doses produced by these semen stations would be from bulls produced by bull production programmes funded by NDSP
A7: Increase in conception rate leads to a decrease in intercalving period and thus there is an increse in annual milk production.
A8: All semen doses produced are used in AI services in the same year, neglecting wastage
A9: Strengethening and establishment of semen stations lead to improvement in quality of semen production and increase in semen production.
A10: For calculating the benefits due to these 28 existing & 2 new semen stations (which use increasingly more number of higher genetic bulls produced by NDSP bull production programmes), we would have considered only semen doses being used by non-NDSP AI centres. Semen doses produced by these semen stations and used by NDSP AI centres have already been accounted in the sheet on "AI Delivery system".
A11: The project period has been assumed to be till 2036-37 for which benefits have been accounted, though NDSP would be funded in the first phase till 2016-17. The infrastructure created with respect to AI delivery, Semen stations and bull production would be available for a longer period of time.
A13: Assumptions | B13: Unit | C13: Indig. Cattle | D13: CB Cattle | E13: Buffaloes
A14: Avg. lactation yield | B14: litres | C14: =Assumptions!C3 -> 779.64 | D14: =Assumptions!D3 -> 2507.185 | E14: =Assumptions!E3 -> 1668.415
A15: Age at first calving | B15: years | C15: =Assumptions!C4 -> 4 | D15: =Assumptions!D4 -> 3 | E15: =Assumptions!E4 -> 4
A16: No. of lactations per animal | B16: Nos | C16: =Assumptions!C5 -> 5 | D16: =Assumptions!D5 -> 5 | E16: =Assumptions!E5 -> 5
A17: Anuual Increase in milk yield | B17: % | C17: =Assumptions!C6 -> 0.01 | D17: =Assumptions!D6 -> 0.01 | E17: =Assumptions!E6 -> 0.01
A18: Calving rate over pregnancy | C18: =Assumptions!C7 -> 0.9 | D18: =Assumptions!D7 -> 0.9 | E18: =Assumptions!E7 -> 0.9
A19: female calves alive rate | C19: =Assumptions!C8 -> 0.9 | D19: =Assumptions!D8 -> 0.9 | E19: =Assumptions!E8 -> 0.9
A20: Breed-wise Composition of AI done | B20: % | C20: =Assumptions!C9 -> 0.2 | D20: =Assumptions!D9 -> 0.5 | E20: =Assumptions!E9 -> 0.3
C22: Without NDSP | D22: With NDSP
A23: Conception rate | C23: =Assumptions!B14 -> 0.35 | D23: =Assumptions!C15 -> 0.38
A24: Lactation Period | B24: days | C24: =+Assumptions!C26 -> 305 | D24: =+Assumptions!D26 -> 305 | E24: =+Assumptions!E26 -> 305
A25: Semen doses from New Semen Stations (2) | B25: lakh Doses | C25: ='Semen production'!G40 -> 0 | D25: ='Semen production'!H40 -> 10 | E25: ='Semen production'!I40 -> 31.9576 | F25: ='Semen production'!J40 -> 56 | G25: ='Semen production'!K40 -> 76.983839 | H25: ='Semen production'!L40 -> 90 | I25: =58.8+41.5 -> 100.3 | J25: =72.58+58.8 -> 131.38 | K25: =89.07+72.58 -> 161.65 | L25: =98+89.07 -> 187.07 | M25: =98+98 -> 196 | N25: =98+98 -> 196 | O25: =98+98 -> 196 | P25: =98+98 -> 196 | Q25: =98+98 -> 196 | R25: =98+98 -> 196 | S25: =98+98 -> 196 | T25: =98+98 -> 196 | ... AB25: =98+98 -> 196
A26: Semen doses from strengthened SS(28) | B26: lakh Doses | C26: ='Semen production'!G31 -> 592.115 | D26: ='Semen production'!H31 -> 652.97 | E26: ='Semen production'!I31 -> 722.435 | F26: ='Semen production'!J31 -> 789.8 | G26: ='Semen production'!K31 -> 848.4 | H26: ='Semen production'!L31 -> 910 | I26: 910 | J26: 910 | K26: 910 | L26: 910 | M26: 910 | N26: 910 | O26: 910 | P26: 910 | Q26: 910 | R26: 910 | S26: 910 | T26: 910 | U26: 910 | V26: 910 | W26: 910 | X26: 910 | Y26: 910 | Z26: 910 | AA26: 910 | AB26: 910
A27: Semen production under NDSP semen station | B27: lakh Doses | C27: =C25+C26 -> 592.115 | D27: =D25+D26 -> 662.97 | E27: =E25+E26 -> 754.3926 | F27: =F25+F26 -> 845.8 | G27: =G25+G26 -> 925.38384 | H27: =H25+H26 -> 1000 | I27: =I26+I25 -> 1010.3 | J27: =J26+J25 -> 1041.38 | K27: =K26+K25 -> 1071.65 | L27: =L26+L25 -> 1097.07 | M27: =M26+M25 -> 1106 | N27: =N26+N25 -> 1106 | O27: =O26+O25 -> 1106 | P27: =P26+P25 -> 1106 | ... AB27: =AB26+AB25 -> 1106
A29: Semen produced from NDSP bulls | B29: lakh Doses | C29: ='Bull no. & Semen Production'!D70 -> 8.94 | D29: ='Bull no. & Semen Production'!E70 -> 92.416768 | E29: ='Bull no. & Semen Production'!F70 -> 201.48483 | F29: ='Bull no. & Semen Production'!G70 -> 350.22553 | G29: ='Bull no. & Semen Production'!H70 -> 551.98141 | H29: ='Bull no. & Semen Production'!I70 -> 727.85423 | I29: =H29 -> 727.85423 | J29: =I29 -> 727.85423 | K29: =J29 -> 727.85423 | L29: =K29 -> 727.85423 | M29: =L29 -> 727.85423 | N29: =M29 -> 727.85423 | O29: =N29 -> 727.85423 | P29: =O29 -> 727.85423 | ... AB29: =AA29 -> 727.85423
A30: Semen produced in NDSP semen stations and from NDSP bulls | B30: lakh Doses | C30: =MIN(C29,C27) -> 8.94 | D30: =MIN(D29,D27) -> 92.416768 | E30: =MIN(E29,E27) -> 201.48483 | F30: =MIN(F29,F27) -> 350.22553 | G30: =MIN(G29,G27) -> 551.98141 | H30: =MIN(H29,H27) -> 727.85423 | I30: =MIN(I29,I27) -> 727.85423 | J30: =MIN(J29,J27) -> 727.85423 | ... AB30: =MIN(AB29,AB27) -> 727.85423
A31: Semen produced by non-NDSP semen stations but from NDSP bulls | B31: lakh Doses | C31: =C29-C30 -> 0 | D31: =D29-D30 -> 0 | E31: =E29-E30 -> 0 | F31: =F29-F30 -> 0 | G31: =G29-G30 -> 0 | H31: =H29-H30 -> 0 | I31: =I29-I30 -> 0 | J31: =J29-J30 -> 0 | ... AB31: =AB29-AB30 -> 0
A33: AI done from these semen doses | B33: lakh Doses | C33: =C30 -> 8.94 | D33: =D30 -> 92.416768 | E33: =E30 -> 201.48483 | F33: =F30 -> 350.22553 | G33: =G30 -> 551.98141 | H33: =H30 -> 727.85423 | I33: =I30 -> 727.85423 | J33: =J30 -> 727.85423 | ... AB33: =AB30 -> 727.85423
A34: AI done by NDSP AI centres | B34: lakh Doses | C34: ='NDSP Bull,SS,AI'!C25 -> 3.8 | D34: ='NDSP Bull,SS,AI'!D25 -> 8.7 | E34: ='NDSP Bull,SS,AI'!E25 -> 16.1 | F34: ='NDSP Bull,SS,AI'!F25 -> 23.4 | G34: ='NDSP Bull,SS,AI'!G25 -> 31.9 | H34: ='NDSP Bull,SS,AI'!H25 -> 38.5 | I34: ='NDSP Bull,SS,AI'!I25 -> 38.5 | J34: ='NDSP Bull,SS,AI'!J25 -> 38.5 | ... AB34: ='NDSP Bull,SS,AI'!AB25 -> 38.5
A35: AI done by non-NDSP AI centres | B35: lakh Doses | C35: =C33-C34 -> 5.14 | D35: =D33-D34 -> 83.716768 | E35: =E33-E34 -> 185.38483 | F35: =F33-F34 -> 326.82553 | G35: =G33-G34 -> 520.08141 | H35: =H33-H34 -> 689.35423 | I35: =I33-I34 -> 689.35423 | J35: =J33-J34 -> 689.35423 | ... AB35: =AB33-AB34 -> 689.35423
A37: AI Nos. | B37: Nos. | C37: =C35*100000 -> 514000 | D37: =D35*100000 -> 8371676.8 | E37: =E35*100000 -> 18538483 | F37: =F35*100000 -> 32682553 | G37: =G35*100000 -> 52008141 | H37: =H35*100000 -> 68935423 | I37: =I35*100000 -> 68935423 | J37: =J35*100000 -> 68935423 | ... AB37: =AB35*100000 -> 68935423
C39: Without NDSP | D39: With NDSP | E39: Difference
A40: INDIGENOUS COWS
A41: AI Nos. | B41: Nos. | C41: =C37*$C$20 -> 102800 | D41: =D37*$C$20 -> 1674335.4 | E41: =E37*$C$20 -> 3707696.6 | F41: =F37*$C$20 -> 6536510.6 | G41: =G37*$C$20 -> 10401628 | H41: =H37*$C$20 -> 13787085 | I41: =I37*$C$20 -> 13787085 | J41: =J37*$C$20 -> 13787085 | ... AB41: =AB37*$C$20 -> 13787085
A42: Inter-Calving period | C42: =280+60+((1/C23)-1)*22 -> 380.85714 | D42: =280+60+((1/D23)-1)*22 -> 375.89474 | E42: =C42-D42 -> 4.962406
A44: Impact of Increase in Conception rate
A45: Avg, Milk produced per day | B45: litres | C45: =C14/C24 -> 2.5561967
A46: Increase in milk production due to reduction in inter-calving period per animal | B46: litres | C46: =C45*E42 -> 12.684886
A47: Animals calved successfully | B47: Nos | D47: =C41*$D$23*$C$18*365/$D$42 -> 34138.61 | E47: =(D41*$D$23*$C$18*365/$D$42)+(C41*$D$23*$C$18*($D$42-365)/$D$42) -> 557045.09 | F47: =(E41*$D$23*$C$18*365/$D$42)+(D41*$D$23*$C$18*($D$42-365)/$D$42) -> 1247876.9 | G47: =(F41*$D$23*$C$18*365/$D$42)+(E41*$D$23*$C$18*($D$42-365)/$D$42) -> 2207446.4 | H47: =(G41*$D$23*$C$18*365/$D$42)+(F41*$D$23*$C$18*($D$42-365)/$D$42) -> 3519044.4 | I47: =(H41*$D$23*$C$18*365/$D$42)+(G41*$D$23*$C$18*($D$42-365)/$D$42) -> 4681625.1 | J47: =(I41*$D$23*$C$18*365/$D$42)+(H41*$D$23*$C$18*($D$42-365)/$D$42) -> 4715182.9 | K47: =(J41*$D$23*$C$18*365/$D$42)+(I41*$D$23*$C$18*($D$42-365)/$D$42) -> 4715182.9 | L47: =(K41*$D$23*$C$18*365/$D$42)+(J41*$D$23*$C$18*($D$42-365)/$D$42) -> 4715182.9 | ... AB47: =(AA41*$D$23*$C$18*365/$D$42)+(Z41*$D$23*$C$18*($D$42-365)/$D$42) -> 4715182.9
A48: Increase in milk production due to reduction in inter-calving period | B48: '000 Tonnes | D48: =D47*$C$46*1.03/1000/1000 -> 0.44603571 | E48: =E47*$C$46*1.03/1000/1000 -> 7.278035 | F48: =F47*$C$46*1.03/1000/1000 -> 16.304051 | G48: =G47*$C$46*1.03/1000/1000 -> 28.841242 | H48: =H47*$C$46*1.03/1000/1000 -> 45.977838 | I48: =I47*$C$46*1.03/1000/1000 -> 61.167457 | J48: =J47*$C$46*1.03/1000/1000 -> 61.605905 | K48: =K47*$C$46*1.03/1000/1000 -> 61.605905 | ... AB48: =AB47*$C$46*1.03/1000/1000 -> 61.605905
A50: Impact of better genetics
A51: Indig. Daughters born | B51: Lakhs | D51: =D47/2/100000*$C$19*Assumptions!$C$10 -> 0.076811874 | E51: =E47/2/100000*$C$19*Assumptions!$C$10 -> 1.2533514 | F51: =F47/2/100000*$C$19*Assumptions!$C$10 -> 2.8077229 | G51: =G47/2/100000*$C$19*Assumptions!$C$10 -> 4.9667545 | H51: =H47/2/100000*$C$19*Assumptions!$C$10 -> 7.91785 | I51: =I47/2/100000*$C$19*Assumptions!$C$10 -> 10.533656 | J51: =J47/2/100000*$C$19*Assumptions!$C$10 -> 10.609162 | K51: =K47/2/100000*$C$19*Assumptions!$C$10 -> 10.609162 | ... AB51: =AB47/2/100000*$C$19*Assumptions!$C$10 -> 10.609162
A52: CB Daughters born | B52: Lakhs | D52: =D47/2/100000*$C$19*Assumptions!$C$11 -> 0.076811874 | E52: =E47/2/100000*$C$19*Assumptions!$C$11 -> 1.2533514 | F52: =F47/2/100000*$C$19*Assumptions!$C$11 -> 2.8077229 | G52: =G47/2/100000*$C$19*Assumptions!$C$11 -> 4.9667545 | H52: =H47/2/100000*$C$19*Assumptions!$C$11 -> 7.91785 | I52: =I47/2/100000*$C$19*Assumptions!$C$11 -> 10.533656 | J52: =J47/2/100000*$C$19*Assumptions!$C$11 -> 10.609162 | K52: =K47/2/100000*$C$19*Assumptions!$C$11 -> 10.609162 | ... AB52: =AB47/2/100000*$C$19*Assumptions!$C$11 -> 10.609162
A54: Indig. Daughters calved & in milk | B54: Lakhs | H54: =D51 -> 0.076811874 | I54: =SUM(D51:E51) -> 1.3301633 | J54: =SUM(D51:F51) -> 4.1378863 | K54: =SUM(D51:G51) -> 9.1046407 | L54: =SUM(D51:H51) -> 17.022491 | M54: =SUM(E51:I51) -> 27.479335 | N54: =SUM(F51:J51) -> 36.835145 | O54: =SUM(G51:K51) -> 44.636584 | P54: =SUM(H51:L51) -> 50.278991 | Q54: =SUM(I51:M51) -> 52.970303 | R54: =SUM(J51:N51) -> 53.045808 | S54: =SUM(K51:O51) -> 53.045808 | ... AB54: =SUM(T51:X51) -> 53.045808
A55: Year wise Avg. lactation yield of Indig. Daughters | B55: litres | H55: =(1+$C$17*5)*C14 -> 818.622 | I55: =(1+$C$17)*H55 -> 826.80822 | J55: =(1+$C$17)*I55 -> 835.0763 | K55: =(1+$C$17)*J55 -> 843.42707 | L55: =(1+$C$17)*K55 -> 851.86134 | M55: =(1+$C$17)*L55 -> 860.37995 | N55: =(1+$C$17)*M55 -> 868.98375 | O55: =(1+$C$17)*N55 -> 877.67359 | P55: =(1+$C$17)*O55 -> 886.45032 | ... AB55: =(1+$C$17)*AA55 -> 998.87441
A56: Increase in lactation yield of Indig, daughters with respect to base population | B56: litres | H56: =H55-$C$14 -> 38.982 | I56: =I55-$C$14 -> 47.16822 | J56: =J55-$C$14 -> 55.436302 | K56: =K55-$C$14 -> 63.787065 | L56: =L55-$C$14 -> 72.221336 | M56: =M55-$C$14 -> 80.739949 | N56: =N55-$C$14 -> 89.343749 | O56: =O55-$C$14 -> 98.033586 | ... AB56: =AB55-$C$14 -> 219.23441
A58: Incrmntl Milk production Matrix
A59: 1st lactation | B59: litres | H59: =H$56*D$51*100000 -> 299428.05 | I59: =I$56*E$51*100000 -> 5911835.7 | J59: =J$56*F$51*100000 -> 15564978 | K59: =K$56*G$51*100000 -> 31681469 | L59: =L$56*H$51*100000 -> 57183770 | M59: =M$56*I$51*100000 -> 85048689 | N59: =N$56*J$51*100000 -> 94786227 | O59: =O$56*K$51*100000 -> 1.0400542e+08 | ... AB59: =AB$56*X$51*100000 -> 2.3258933e+08
A60: 2nd lactation | B60: litres | I60: =H$56*D$51*100000 -> 299428.05 | J60: =I$56*E$51*100000 -> 5911835.7 | K60: =J$56*F$51*100000 -> 15564978 | L60: =K$56*G$51*100000 -> 31681469 | M60: =L$56*H$51*100000 -> 57183770 | N60: =M$56*I$51*100000 -> 85048689 | O60: =N$56*J$51*100000 -> 94786227 | P60: =O$56*K$51*100000 -> 1.0400542e+08 | ... AB60: =AA$56*W$51*100000 -> 2.2209703e+08
A61: 3rd lactation | B61: litres | J61: =H$56*D$51*100000 -> 299428.05 | K61: =I$56*E$51*100000 -> 5911835.7 | L61: =J$56*F$51*100000 -> 15564978 | M61: =K$56*G$51*100000 -> 31681469 | N61: =L$56*H$51*100000 -> 57183770 | O61: =M$56*I$51*100000 -> 85048689 | P61: =N$56*J$51*100000 -> 94786227 | Q61: =O$56*K$51*100000 -> 1.0400542e+08 | ... AB61: =Z$56*V$51*100000 -> 2.1170862e+08
A62: 4th lactation | B62: litres | K62: =H$56*D$51*100000 -> 299428.05 | L62: =I$56*E$51*100000 -> 5911835.7 | M62: =J$56*F$51*100000 -> 15564978 | N62: =K$56*G$51*100000 -> 31681469 | O62: =L$56*H$51*100000 -> 57183770 | P62: =M$56*I$51*100000 -> 85048689 | Q62: =N$56*J$51*100000 -> 94786227 | R62: =O$56*K$51*100000 -> 1.0400542e+08 | ... AB62: =Y$56*U$51*100000 -> 2.0142306e+08
A63: 5th lactation | B63: litres | L63: =H$56*D$51*100000 -> 299428.05 | M63: =I$56*E$51*100000 -> 5911835.7 | N63: =J$56*F$51*100000 -> 15564978 | O63: =K$56*G$51*100000 -> 31681469 | P63: =L$56*H$51*100000 -> 57183770 | Q63: =M$56*I$51*100000 -> 85048689 | R63: =N$56*J$51*100000 -> 94786227 | S63: =O$56*K$51*100000 -> 1.0400542e+08 | ... AB63: =X$56*T$51*100000 -> 1.9123934e+08
A64: Total | B64: litres | H64: =SUM(H59:H63) -> 299428.05 | I64: =SUM(I59:I63) -> 6211263.7 | J64: =SUM(J59:J63) -> 21776241 | K64: =SUM(K59:K63) -> 53457711 | L64: =SUM(L59:L63) -> 1.1064148e+08 | M64: =SUM(M59:M63) -> 1.9539074e+08 | N64: =SUM(N59:N63) -> 2.8426513e+08 | O64: =SUM(O59:O63) -> 3.7270557e+08 | ... AB64: =SUM(AB59:AB63) -> 1.0590574e+09
A66: Incrmntl. Milk production due to higher genetic Indig. daughters | B66: '000 Tonnes | H66: =H64*(365/$D$42)*1.03/1000/1000 -> 0.29947207 | I66: =((H64*($D$42-365)/$D$42)+(I64*(365/$D$42)))*1.03/1000/1000 -> 6.2211157 | J66: =((I64*($D$42-365)/$D$42)+(J64*(365/$D$42)))*1.03/1000/1000 -> 21.964868 | K66: =((J64*($D$42-365)/$D$42)+(K64*(365/$D$42)))*1.03/1000/1000 -> 54.115656 | L66: =((K64*($D$42-365)/$D$42)+(L64*(365/$D$42)))*1.03/1000/1000 -> 112.25362 | M66: =((L64*($D$42-365)/$D$42)+(M64*(365/$D$42)))*1.03/1000/1000 -> 198.72245 | N66: =((M64*($D$42-365)/$D$42)+(N64*(365/$D$42)))*1.03/1000/1000 -> 290.13992 | O66: =((N64*($D$42-365)/$D$42)+(O64*(365/$D$42)))*1.03/1000/1000 -> 381.24653 | P66: =((O64*($D$42-365)/$D$42)+(P64*(365/$D$42)))*1.03/1000/1000 -> 465.53407 | ... AB66: =((AA64*($D$42-365)/$D$42)+(AB64*(365/$D$42)))*1.03/1000/1000 -> 1089.2937
A68: CB Daughters calved & in-milk | B68: Lakhs | G68: =D52 -> 0.076811874 | H68: =SUM(D52:E52) -> 1.3301633 | I68: =SUM(D52:F52) -> 4.1378863 | J68: =SUM(D52:G52) -> 9.1046407 | K68: =SUM(D52:H52) -> 17.022491 | L68: =SUM(E52:I52) -> 27.479335 | M68: =SUM(F52:J52) -> 36.835145 | N68: =SUM(G52:K52) -> 44.636584 | O68: =SUM(H52:L52) -> 50.278991 | P68: =SUM(I52:M52) -> 52.970303 | Q68: =SUM(J52:N52) -> 53.045808 | R68: =SUM(K52:O52) -> 53.045808 | ... AB68: =SUM(U52:Y52) -> 53.045808
A69: Year wise Avg. lactation yield of CB Daughters | B69: litres | G69: =$D$14 -> 2507.185 | H69: =$D$14 -> 2507.185 | I69: =$D$14 -> 2507.185 | J69: =$D$14 -> 2507.185 | K69: =$D$14 -> 2507.185 | L69: =$D$14 -> 2507.185 | M69: =$D$14 -> 2507.185 | N69: =$D$14 -> 2507.185 | ... AB69: =$D$14 -> 2507.185
A70: Increase in lactation yield of CB daughters with respect to base population | B70: litres | G70: =G69-$C$14 -> 1727.545 | H70: =H69-$C$14 -> 1727.545 | I70: =I69-$C$14 -> 1727.545 | J70: =J69-$C$14 -> 1727.545 | K70: =K69-$C$14 -> 1727.545 | L70: =L69-$C$14 -> 1727.545 | M70: =M69-$C$14 -> 1727.545 | N70: =N69-$C$14 -> 1727.545 | ... AB70: =AB69-$C$14 -> 1727.545
A72: Incrmntl Milk production Matrix
A73: 1st lactation | B73: litres | G73: =D52*G70*100000 -> 13269597 | H73: =E52*H70*100000 -> 2.165221e+08 | I73: =F52*I70*100000 -> 4.8504677e+08 | J73: =G52*J70*100000 -> 8.5802918e+08 | K73: =H52*K70*100000 -> 1.3678442e+09 | L73: =I52*L70*100000 -> 1.8197366e+09 | M73: =J52*M70*100000 -> 1.8327804e+09 | N73: =K52*N70*100000 -> 1.8327804e+09 | ... AB73: =Y52*AB70*100000 -> 1.8327804e+09
A74: 2nd lactation | B74: litres | H74: =D52*G70*100000 -> 13269597 | I74: =E52*H70*100000 -> 2.165221e+08 | J74: =F52*I70*100000 -> 4.8504677e+08 | K74: =G52*J70*100000 -> 8.5802918e+08 | L74: =H52*K70*100000 -> 1.3678442e+09 | M74: =I52*L70*100000 -> 1.8197366e+09 | N74: =J52*M70*100000 -> 1.8327804e+09 | O74: =K52*N70*100000 -> 1.8327804e+09 | ... AB74: =X52*AA70*100000 -> 1.8327804e+09
A75: 3rd lactation | B75: litres | I75: =D52*G70*100000 -> 13269597 | J75: =E52*H70*100000 -> 2.165221e+08 | K75: =F52*I70*100000 -> 4.8504677e+08 | L75: =G52*J70*100000 -> 8.5802918e+08 | M75: =H52*K70*100000 -> 1.3678442e+09 | N75: =I52*L70*100000 -> 1.8197366e+09 | O75: =J52*M70*100000 -> 1.8327804e+09 | P75: =K52*N70*100000 -> 1.8327804e+09 | ... AB75: =W52*Z70*100000 -> 1.8327804e+09
A76: 4th lactation | B76: litres | J76: =D52*G70*100000 -> 13269597 | K76: =E52*H70*100000 -> 2.165221e+08 | L76: =F52*I70*100000 -> 4.8504677e+08 | M76: =G52*J70*100000 -> 8.5802918e+08 | N76: =H52*K70*100000 -> 1.3678442e+09 | O76: =I52*L70*100000 -> 1.8197366e+09 | P76: =J52*M70*100000 -> 1.8327804e+09 | Q76: =K52*N70*100000 -> 1.8327804e+09 | ... AB76: =V52*Y70*100000 -> 1.8327804e+09
A77: 5th lactation | B77: litres | K77: =D52*G70*100000 -> 13269597 | L77: =E52*H70*100000 -> 2.165221e+08 | M77: =F52*I70*100000 -> 4.8504677e+08 | N77: =G52*J70*100000 -> 8.5802918e+08 | O77: =H52*K70*100000 -> 1.3678442e+09 | P77: =I52*L70*100000 -> 1.8197366e+09 | Q77: =J52*M70*100000 -> 1.8327804e+09 | R77: =K52*N70*100000 -> 1.8327804e+09 | ... AB77: =U52*X70*100000 -> 1.8327804e+09
A78: Total | B78: litres | G78: =SUM(G73:G77) -> 13269597 | H78: =SUM(H73:H77) -> 2.297917e+08 | I78: =SUM(I73:I77) -> 7.1483847e+08 | J78: =SUM(J73:J77) -> 1.5728677e+09 | K78: =SUM(K73:K77) -> 2.9407119e+09 | L78: =SUM(L73:L77) -> 4.7471788e+09 | M78: =SUM(M73:M77) -> 6.3634371e+09 | N78: =SUM(N73:N77) -> 7.7111708e+09 | ... AB78: =SUM(AB73:AB77) -> 9.163902e+09
A80: Incrmtl. Milk production due to CB daughters | B80: '000 Tonnes | G80: =G78*(365/$D$42)*1.03/1000/1000 -> 13.271548 | H80: =((G78*($D$42 -365)/$D$42)+(H78*365/$D$42))*1.03/1000/1000 -> 230.22162 | I80: =((H78*($D$42 -365)/$D$42)+(I78*365/$D$42))*1.03/1000/1000 -> 721.80353 | J80: =((I78*($D$42 -365)/$D$42)+(J78*365/$D$42))*1.03/1000/1000 -> 1594.439 | K80: =((J78*($D$42 -365)/$D$42)+(K78*365/$D$42))*1.03/1000/1000 -> 2988.099 | L80: =((K78*($D$42 -365)/$D$42)+(L78*365/$D$42))*1.03/1000/1000 -> 4835.6658 | M80: =((L78*($D$42 -365)/$D$42)+(M78*365/$D$42))*1.03/1000/1000 -> 6506.0901 | N80: =((M78*($D$42 -365)/$D$42)+(N78*365/$D$42))*1.03/1000/1000 -> 7902.272 | O80: =((N78*($D$42 -365)/$D$42)+(O78*365/$D$42))*1.03/1000/1000 -> 8917.4004 | ... AB80: =((AA78*($D$42 -365)/$D$42)+(AB78*365/$D$42))*1.03/1000/1000 -> 9438.8191
A82: Incrmntl. Milk production due to better genetics | B82: '000 Tonnes | G82: =G80+G66 -> 13.271548 | H82: =H80+H66 -> 230.52109 | I82: =I80+I66 -> 728.02465 | J82: =J80+J66 -> 1616.4038 | K82: =K80+K66 -> 3042.2147 | L82: =L80+L66 -> 4947.9194 | M82: =M80+M66 -> 6704.8126 | N82: =N80+N66 -> 8192.4119 | ... AB82: =AB80+AB66 -> 10528.113
A84: Incremntl milk production due to semen production & Bull production (INDIG. COWS) | B84: '000 Tonnes | C84: =C82+C48 -> 0 | D84: =D82+D48 -> 0.44603571 | E84: =E82+E48 -> 7.278035 | F84: =F82+F48 -> 16.304051 | G84: =G82+G48 -> 42.11279 | H84: =H82+H48 -> 276.49893 | I84: =I82+I48 -> 789.19211 | J84: =J82+J48 -> 1678.0097 | ... AB84: =AB82+AB48 -> 10589.719
A87: CROSSBRED COWS
A88: AI Nos. | B88: Nos. | C88: =C37*$D$20 -> 257000 | D88: =D37*$D$20 -> 4185838.4 | E88: =E37*$D$20 -> 9269241.6 | F88: =F37*$D$20 -> 16341276 | G88: =G37*$D$20 -> 26004070 | H88: =H37*$D$20 -> 34467711 | I88: =I37*$D$20 -> 34467711 | J88: =J37*$D$20 -> 34467711 | ... AB88: =AB37*$D$20 -> 34467711
A89: Inter-Calving period | C89: =280+60+((1/C23)-1)*22 -> 380.85714 | D89: =280+60+((1/D23)-1)*22 -> 375.89474 | E89: =C89-D89 -> 4.962406
A91: Impact of Increase in Conception rate
A92: Avg, Milk produced per day | B92: litres | C92: =D14/D24 -> 8.2202787
A93: Increase in milk production due to reduction in inter-calving period per animal | B93: litres | C93: =C92*E89 -> 40.79236
A94: Animals calved successfully | B94: Nos | D94: =C88*$D$23*$D$18*365/$D$89 -> 85346.526 | E94: =(D88*$D$23*$D$18*(365/$D$89))+(C88*$D$23*$D$18*($D$89-365)/$D$89) -> 1392612.7 | F94: =(E88*$D$23*$D$18*(365/$D$89))+(D88*$D$23*$D$18*($D$89-365)/$D$89) -> 3119692.2 | G94: =(F88*$D$23*$D$18*(365/$D$89))+(E88*$D$23*$D$18*($D$89-365)/$D$89) -> 5518616.1 | H94: =(G88*$D$23*$D$18*(365/$D$89))+(F88*$D$23*$D$18*($D$89-365)/$D$89) -> 8797611.1 | I94: =(H88*$D$23*$D$18*(365/$D$89))+(G88*$D$23*$D$18*($D$89-365)/$D$89) -> 11704063 | J94: =(I88*$D$23*$D$18*(365/$D$89))+(H88*$D$23*$D$18*($D$89-365)/$D$89) -> 11787957 | K94: =(J88*$D$23*$D$18*(365/$D$89))+(I88*$D$23*$D$18*($D$89-365)/$D$89) -> 11787957 | L94: =(K88*$D$23*$D$18*(365/$D$89))+(J88*$D$23*$D$18*($D$89-365)/$D$89) -> 11787957 | ... AB94: =(AA88*$D$23*$D$18*(365/$D$89))+(Z88*$D$23*$D$18*($D$89-365)/$D$89) -> 11787957
A95: Incrmntl. milk production due to reduction in inter-calving period | B95: '000 Tonnes | D95: =D94*$C$93*1.03/1000/1000 -> 3.5859308 | E95: =E94*$C$93*1.03/1000/1000 -> 58.512199 | F95: =F94*$C$93*1.03/1000/1000 -> 131.0774 | G95: =G94*$C$93*1.03/1000/1000 -> 231.8709 | H95: =H94*$C$93*1.03/1000/1000 -> 369.64158 | I95: =I94*$C$93*1.03/1000/1000 -> 491.75944 | J95: =J94*$C$93*1.03/1000/1000 -> 495.28436 | K95: =K94*$C$93*1.03/1000/1000 -> 495.28436 | ... AB95: =AB94*$C$93*1.03/1000/1000 -> 495.28436
A97: Impact of better genetics
A98: Daughters born | B98: Lakhs | D98: =D94/2/100000*$D$19 -> 0.38405937 | E98: =E94/2/100000*$D$19 -> 6.2667572 | F98: =F94/2/100000*$D$19 -> 14.038615 | G98: =G94/2/100000*$D$19 -> 24.833772 | H98: =H94/2/100000*$D$19 -> 39.58925 | I98: =I94/2/100000*$D$19 -> 52.668282 | J98: =J94/2/100000*$D$19 -> 53.045808 | K98: =K94/2/100000*$D$19 -> 53.045808 | ... AB98: =AB94/2/100000*$D$19 -> 53.045808
A99: Daughters calved & in milk | B99: Lakhs | G99: =D98 -> 0.38405937 | H99: =SUM(D98:E98) -> 6.6508166 | I99: =SUM(D98:F98) -> 20.689431 | J99: =SUM(D98:G98) -> 45.523204 | K99: =SUM(D98:H98) -> 85.112454 | L99: =SUM(E98:I98) -> 137.39668 | M99: =SUM(F98:J98) -> 184.17573 | N99: =SUM(G98:K98) -> 223.18292 | O99: =SUM(H98:L98) -> 251.39496 | P99: =SUM(I98:M98) -> 264.85151 | Q99: =SUM(J98:N98) -> 265.22904 | R99: =SUM(K98:O98) -> 265.22904 | ... AB99: =SUM(U98:Y98) -> 265.22904
A100: Year wise Avg. lactation yield of CB Daughters | B100: litres | G100: =(1+$D$17*5)*D14 -> 2632.5442 | H100: =(1+$D$17)*G100 -> 2658.8697 | I100: =(1+$D$17)*H100 -> 2685.4584 | J100: =(1+$D$17)*I100 -> 2712.313 | K100: =(1+$D$17)*J100 -> 2739.4361 | L100: =(1+$D$17)*K100 -> 2766.8305 | M100: =(1+$D$17)*L100 -> 2794.4988 | N100: =(1+$D$17)*M100 -> 2822.4438 | O100: =(1+$D$17)*N100 -> 2850.6682 | ... AB100: =(1+$D$17)*AA100 -> 3244.3263
A101: Increase in lactation yield of CB daughters with respect to base population | B101: litres | G101: =G100-$D$14 -> 125.35925 | H101: =H100-$D$14 -> 151.68469 | I101: =I100-$D$14 -> 178.27339 | J101: =J100-$D$14 -> 205.12797 | K101: =K100-$D$14 -> 232.2511 | L101: =L100-$D$14 -> 259.64546 | M101: =M100-$D$14 -> 287.31377 | N101: =N100-$D$14 -> 315.25876 | ... AB101: =AB100-$D$14 -> 737.14132
A103: Incrmntl Milk production Matrix
A104: 1st lactation | B104: litres | G104: =G101*D98*100000 -> 4814539.4 | H104: =H101*E98*100000 -> 95057114 | I104: =I101*F98*100000 -> 2.5027114e+08 | J104: =J101*G98*100000 -> 5.0941014e+08 | K104: =K101*H98*100000 -> 9.194647e+08 | L104: =L101*I98*100000 -> 1.3675081e+09 | M104: =M101*J98*100000 -> 1.5240791e+09 | N104: =N101*K98*100000 -> 1.6723155e+09 | ... AB104: =AB101*Y98*100000 -> 3.9102257e+09
A105: 2nd lactation | B105: litres | H105: =G101*D98*100000 -> 4814539.4 | I105: =H101*E98*100000 -> 95057114 | J105: =I101*F98*100000 -> 2.5027114e+08 | K105: =J101*G98*100000 -> 5.0941014e+08 | L105: =K101*H98*100000 -> 9.194647e+08 | M105: =L101*I98*100000 -> 1.3675081e+09 | N105: =M101*J98*100000 -> 1.5240791e+09 | O105: =N101*K98*100000 -> 1.6723155e+09 | ... AB105: =AA101*X98*100000 -> 3.7398317e+09
A106: 3rd lactation | B106: litres | I106: =G101*D98*100000 -> 4814539.4 | J106: =H101*E98*100000 -> 95057114 | K106: =I101*F98*100000 -> 2.5027114e+08 | L106: =J101*G98*100000 -> 5.0941014e+08 | M106: =K101*H98*100000 -> 9.194647e+08 | N106: =L101*I98*100000 -> 1.3675081e+09 | O106: =M101*J98*100000 -> 1.5240791e+09 | P106: =N101*K98*100000 -> 1.6723155e+09 | ... AB106: =Z101*W98*100000 -> 3.5711248e+09
A107: 4th lactation | B107: litres | J107: =G101*D98*100000 -> 4814539.4 | K107: =H101*E98*100000 -> 95057114 | L107: =I101*F98*100000 -> 2.5027114e+08 | M107: =J101*G98*100000 -> 5.0941014e+08 | N107: =K101*H98*100000 -> 9.194647e+08 | O107: =L101*I98*100000 -> 1.3675081e+09 | P107: =M101*J98*100000 -> 1.5240791e+09 | Q107: =N101*K98*100000 -> 1.6723155e+09 | ... AB107: =Y101*V98*100000 -> 3.4040883e+09
A108: 5th lactation | B108: litres | K108: =G101*D98*100000 -> 4814539.4 | L108: =H101*E98*100000 -> 95057114 | M108: =I101*F98*100000 -> 2.5027114e+08 | N108: =J101*G98*100000 -> 5.0941014e+08 | O108: =K101*H98*100000 -> 9.194647e+08 | P108: =L101*I98*100000 -> 1.3675081e+09 | Q108: =M101*J98*100000 -> 1.5240791e+09 | R108: =N101*K98*100000 -> 1.6723155e+09 | ... AB108: =X101*U98*100000 -> 3.2387056e+09
A109: Total | B109: litres | G109: =SUM(G104:G108) -> 4814539.4 | H109: =SUM(H104:H108) -> 99871653 | I109: =SUM(I104:I108) -> 3.501428e+08 | J109: =SUM(J104:J108) -> 8.5955294e+08 | K109: =SUM(K104:K108) -> 1.7790176e+09 | L109: =SUM(L104:L108) -> 3.1417112e+09 | M109: =SUM(M104:M108) -> 4.5707331e+09 | N109: =SUM(N104:N108) -> 5.9927775e+09 | ... AB109: =SUM(AB104:AB108) -> 1.7863976e+10
A111: Incremental milk production due to higher genetic potential of daughters | B111: '000 Tonnes | G111: =G109*(365/$D$89)*1.03/1000/1000 -> 4.8152473 | H111: =((G109*($D$89-365)/$D$89)+(H109*365/$D$89))*1.03/1000/1000 -> 100.03006 | I111: =((H109*($D$89-365)/$D$89)+(I109*365/$D$89))*1.03/1000/1000 -> 353.17574 | J111: =((I109*($D$89-365)/$D$89)+(J109*365/$D$89))*1.03/1000/1000 -> 870.13211 | K111: =((J109*($D$89-365)/$D$89)+(K109*365/$D$89))*1.03/1000/1000 -> 1804.9394 | L111: =((K109*($D$89-365)/$D$89)+(L109*365/$D$89))*1.03/1000/1000 -> 3195.282 | M111: =((L109*($D$89-365)/$D$89)+(M109*365/$D$89))*1.03/1000/1000 -> 4665.1946 | N111: =((M109*($D$89-365)/$D$89)+(N109*365/$D$89))*1.03/1000/1000 -> 6130.1086 | O111: =((N109*($D$89-365)/$D$89)+(O109*365/$D$89))*1.03/1000/1000 -> 7485.3781 | ... AB111: =((AA109*($D$89-365)/$D$89)+(AB109*365/$D$89))*1.03/1000/1000 -> 18374.96
A113: Incrmntl. Milk production due to semen production & Bull production (CROSSBRED COWS) | B113: '000 Tonnes | C113: =C111+C95 -> 0 | D113: =D111+D95 -> 3.5859308 | E113: =E111+E95 -> 58.512199 | F113: =F111+F95 -> 131.0774 | G113: =G111+G95 -> 236.68614 | H113: =H111+H95 -> 469.67165 | I113: =I111+I95 -> 844.93518 | J113: =J111+J95 -> 1365.4165 | ... AB113: =AB111+AB95 -> 18870.244
A116: BUFFALOES
A117: AI Nos. | B117: Nos. | C117: =C37*$E$20 -> 154200 | D117: =D37*$E$20 -> 2511503 | E117: =E37*$E$20 -> 5561545 | F117: =F37*$E$20 -> 9804765.9 | G117: =G37*$E$20 -> 15602442 | H117: =H37*$E$20 -> 20680627 | I117: =I37*$E$20 -> 20680627 | J117: =J37*$E$20 -> 20680627 | ... AB117: =AB37*$E$20 -> 20680627
A118: Inter-Calving period | C118: =310+60+((1/C23)-1)*22 -> 410.85714 | D118: =310+60+((1/D23)-1)*22 -> 405.89474 | E118: =C118-D118 -> 4.962406
A120: Impact of Increase in Conception rate
A121: Avg, Milk produced per day | B121: litres | C121: =E14/E24 -> 5.4702131
A122: Increase in milk production due to reduction in inter-calving period per animal | B122: litres | C122: =C121*E118 -> 27.145418
A123: Animals calved successfully | B123: Nos | D123: =C117*$D$23*$E$18*365/$D$118 -> 47423.098 | E123: =((D117*$D$23*$E$18*(365/$D$118))+(C117*$D$23*$E$18*($D$118-365)/$D$118)) -> 777707.95 | F123: =((E117*$D$23*$E$18*(365/$D$118))+(D117*$D$23*$E$18*($D$118-365)/$D$118)) -> 1796952.4 | G123: =((F117*$D$23*$E$18*(365/$D$118))+(E117*$D$23*$E$18*($D$118-365)/$D$118)) -> 3207020.4 | H123: =((G117*$D$23*$E$18*(365/$D$118))+(F117*$D$23*$E$18*($D$118-365)/$D$118)) -> 5136263.5 | I123: =((H117*$D$23*$E$18*(365/$D$118))+(G117*$D$23*$E$18*($D$118-365)/$D$118)) -> 6897794.3 | J123: =((I117*$D$23*$E$18*(365/$D$118))+(H117*$D$23*$E$18*($D$118-365)/$D$118)) -> 7072774.4 | K123: =((J117*$D$23*$E$18*(365/$D$118))+(I117*$D$23*$E$18*($D$118-365)/$D$118)) -> 7072774.4 | L123: =((K117*$D$23*$E$18*(365/$D$118))+(J117*$D$23*$E$18*($D$118-365)/$D$118)) -> 7072774.4 | ... AB123: =((AA117*$D$23*$E$18*(365/$D$118))+(Z117*$D$23*$E$18*($D$118-365)/$D$118)) -> 7072774.4
A124: Increase in milk production due to reduction in inter-calving period | B124: '000 Tonnes | D124: =D123*$C$122*1.03/1000/1000 -> 1.3259394 | E124: =E123*$C$122*1.03/1000/1000 -> 21.744544 | F124: =F123*$C$122*1.03/1000/1000 -> 50.242397 | G124: =G123*$C$122*1.03/1000/1000 -> 89.667588 | H124: =H123*$C$122*1.03/1000/1000 -> 143.6088 | I124: =I123*$C$122*1.03/1000/1000 -> 192.86082 | J124: =J123*$C$122*1.03/1000/1000 -> 197.75322 | K124: =K123*$C$122*1.03/1000/1000 -> 197.75322 | ... AB124: =AB123*$C$122*1.03/1000/1000 -> 197.75322
A126: Impact of better genetics
A127: Daughters born | B127: Lakhs | D127: =D123/2/100000*$E$19 -> 0.21340394 | E127: =E123/2/100000*$E$19 -> 3.4996858 | F127: =F123/2/100000*$E$19 -> 8.086286 | G127: =G123/2/100000*$E$19 -> 14.431592 | H127: =H123/2/100000*$E$19 -> 23.113186 | I127: =I123/2/100000*$E$19 -> 31.040074 | J127: =J123/2/100000*$E$19 -> 31.827485 | K127: =K123/2/100000*$E$19 -> 31.827485 | ... AB127: =AB123/2/100000*$E$19 -> 31.827485
...

Sheet NDSP-Bull & Non-NDSP SS,AI
B1: Unit | C1: 2011-12 | D1: 2012-13 | E1: 2013-14 | F1: 2014-15 | G1: 2015-16 | H1: 2016-17 | I1: 2017-18 | J1: 2018-19 | K1: 2019-20 | L1: 2020-21 | M1: 2021-22 | N1: 2022-23 | O1: 2023-24 | P1: 2024-25 | Q1: 2025-26 | R1: 2026-27 | S1: 2027-28 | T1: 2028-29 | U1: 2029-30 | V1: 2030-31 | W1: 2031-32 | X1: 2032-33 | Y1: 2033-34 | Z1: 2034-35 | AA1: 2035-36 | AB1: 2036-37 | AC1: 2037-38
A2: Highlights of Bull Production
A3: Bulls produced by these projects would be available for sale to all semen stations incl. the ones funded by NDSP
A4: Semen from genetically superior quality bulls would have an impact on the increase in conception rate and birth of daughters with higher genetic potential for milk production
A5: Increase in conception rate leads to a decrease in intercalving period and thus there is an increse in annual milk production.
A6: All semen doses produced are used in AI services in the same year, neglecting wastage
A7: For calculating benefits due to these bull production programmes, we would have considered only semen doses produced by bulls stationed in semen stations not funded by NDSP. Semen doses produced by bulls stationed in semen stations funded by NDSP and used by AI centres funded by NDSP have already been accounted in the sheets on "AI Delivery system" and "FSP".
A8: The project period has been assumed to be till 2036-37 for which benefits have been accounted, though NDSP would be funded in the first phase till 2016-17. The infrastructure created with respect to AI delivery, Semen stations and bull production would be available for a longer period of time.
A11: Assumptions | B11: Unit | C11: Indig. Cattle | D11: CB Cattle | E11: Buffaloes
A12: Avg. lactation yield | B12: litres | C12: =Assumptions!C3 -> 779.64 | D12: =Assumptions!D3 -> 2507.185 | E12: =Assumptions!E3 -> 1668.415
A13: Age at first calving | B13: years | C13: =Assumptions!C4 -> 4 | D13: =Assumptions!D4 -> 3 | E13: =Assumptions!E4 -> 4
A14: No. of lactations per animal | B14: Nos | C14: =Assumptions!C5 -> 5 | D14: =Assumptions!D5 -> 5 | E14: =Assumptions!E5 -> 5
A15: Anuual Increase in milk yield | B15: % | C15: =Assumptions!C6 -> 0.01 | D15: =Assumptions!D6 -> 0.01 | E15: =Assumptions!E6 -> 0.01
A16: Calving rate over pregnancy | C16: =Assumptions!C7 -> 0.9 | D16: =Assumptions!D7 -> 0.9 | E16: =Assumptions!E7 -> 0.9
A17: female calves alive rate | C17: =Assumptions!C8 -> 0.9 | D17: =Assumptions!D8 -> 0.9 | E17: =Assumptions!E8 -> 0.9
A18: Breed-wise Composition of AI done | B18: % | C18: =Assumptions!C9 -> 0.2 | D18: =Assumptions!D9 -> 0.5 | E18: =Assumptions!E9 -> 0.3
C20: Without NDSP | D20: With NDSP
A21: Conception rate | C21: =Assumptions!B14 -> 0.35 | D21: =Assumptions!C16 -> 0.36
A23: Semen produced from NDSP bulls | B23: lakh Doses | C23: ='Bull no. & Semen Production'!D70 -> 8.94 | D23: ='Bull no. & Semen Production'!E70 -> 92.416768 | E23: ='Bull no. & Semen Production'!F70 -> 201.48483 | F23: ='Bull no. & Semen Production'!G70 -> 350.22553 | G23: ='Bull no. & Semen Production'!H70 -> 551.98141 | H23: ='Bull no. & Semen Production'!I70 -> 727.85423 | I23: =H23 -> 727.85423 | J23: =I23 -> 727.85423 | K23: =J23 -> 727.85423 | L23: =K23 -> 727.85423 | M23: =L23 -> 727.85423 | N23: =M23 -> 727.85423 | O23: =N23 -> 727.85423 | P23: =O23 -> 727.85423 | ... AB23: =AA23 -> 727.85423
A24: Semen produced from NDSP bulls in NDSP assisted semen stations | B24: lakh Doses | C24: ='NDSP Bull, SS & Non-NDSP AI'!C30 -> 8.94 | D24: ='NDSP Bull, SS & Non-NDSP AI'!D30 -> 92.416768 | E24: ='NDSP Bull, SS & Non-NDSP AI'!E30 -> 201.48483 | F24: ='NDSP Bull, SS & Non-NDSP AI'!F30 -> 350.22553 | G24: ='NDSP Bull, SS & Non-NDSP AI'!G30 -> 551.98141 | H24: ='NDSP Bull, SS & Non-NDSP AI'!H30 -> 727.85423 | I24: ='NDSP Bull, SS & Non-NDSP AI'!I30 -> 727.85423 | J24: ='NDSP Bull, SS & Non-NDSP AI'!J30 -> 727.85423 | ... AB24: ='NDSP Bull, SS & Non-NDSP AI'!AB30 -> 727.85423
A25: Semen produced by non-NDSP semen stations but from NDSP bulls | B25: lakh Doses | C25: =C23-C24 -> 0 | D25: =D23-D24 -> 0 | E25: =E23-E24 -> 0 | F25: =F23-F24 -> 0 | G25: =G23-G24 -> 0 | H25: =H23-H24 -> 0 | I25: =I23-I24 -> 0 | J25: =J23-J24 -> 0 | ... AB25: =AB23-AB24 -> 0
A27: AI done from these semen doses | B27: lakhs | C27: =C25 -> 0 | D27: =D25 -> 0 | E27: =E25 -> 0 | F27: =F25 -> 0 | G27: =G25 -> 0 | H27: =H25 -> 0 | I27: =I25 -> 0 | J27: =J25 -> 0 | ... AB27: =AB25 -> 0
A28: AI Nos. | B28: Nos. | C28: =C27*100000 -> 0 | D28: =D27*100000 -> 0 | E28: =E27*100000 -> 0 | F28: =F27*100000 -> 0 | G28: =G27*100000 -> 0 | H28: =H27*100000 -> 0 | I28: =I27*100000 -> 0 | J28: =J27*100000 -> 0 | ... AB28: =AB27*100000 -> 0
C30: Without NDSP | D30: With NDSP | E30: Difference
A31: INDIGENOUS COWS
A32: AI Nos. | B32: Nos. | C32: =C28*$C$18 -> 0 | D32: =D28*$C$18 -> 0 | E32: =E28*$C$18 -> 0 | F32: =F28*$C$18 -> 0 | G32: =G28*$C$18 -> 0 | H32: =H28*$C$18 -> 0 | I32: =I28*$C$18 -> 0 | J32: =J28*$C$18 -> 0 | ... AB32: =AB28*$C$18 -> 0
A33: Inter-Calving period | C33: =280+60+((1/C21)-1)*22 -> 380.85714 | D33: =280+60+((1/D21)-1)*22 -> 379.11111 | E33: =C33-D33 -> 1.7460317
A35: Impact of Increase in Conception rate
A36: Avg, Milk produced per day | B36: litres | C36: =C12/305 -> 2.5561967
A37: Increase in milk production due to reduction in inter-calving period per animal | B37: litres | C37: =C36*E33 -> 4.4632006
A38: Animals calved successfully | B38: Nos | D38: =C32*$D$21*$C$16*365/$D$33 -> 0 | E38: =(D32*$D$21*$C$16*365/$D$33)+(C32*$D$21*$C$16*($D$33-365)/$D$33) -> 0 | F38: =(E32*$D$21*$C$16*365/$D$33)+(D32*$D$21*$C$16*($D$33-365)/$D$33) -> 0 | G38: =(F32*$D$21*$C$16*365/$D$33)+(E32*$D$21*$C$16*($D$33-365)/$D$33) -> 0 | H38: =(G32*$D$21*$C$16*365/$D$33)+(F32*$D$21*$C$16*($D$33-365)/$D$33) -> 0 | I38: =(H32*$D$21*$C$16*365/$D$33)+(G32*$D$21*$C$16*($D$33-365)/$D$33) -> 0 | J38: =(I32*$D$21*$C$16*365/$D$33)+(H32*$D$21*$C$16*($D$33-365)/$D$33) -> 0 | K38: =(J32*$D$21*$C$16*365/$D$33)+(I32*$D$21*$C$16*($D$33-365)/$D$33) -> 0 | L38: =(K32*$D$21*$C$16*365/$D$33)+(J32*$D$21*$C$16*($D$33-365)/$D$33) -> 0 | ... AB38: =(AA32*$D$21*$C$16*365/$D$33)+(Z32*$D$21*$C$16*($D$33-365)/$D$33) -> 0
A39: Increase in milk production due to reduction in inter-calving period | B39: '000 Tonnes | D39: =D38*$C$37*1.03/1000/1000 -> 0 | E39: =E38*$C$37*1.03/1000/1000 -> 0 | F39: =F38*$C$37*1.03/1000/1000 -> 0 | G39: =G38*$C$37*1.03/1000/1000 -> 0 | H39: =H38*$C$37*1.03/1000/1000 -> 0 | I39: =I38*$C$37*1.03/1000/1000 -> 0 | J39: =J38*$C$37*1.03/1000/1000 -> 0 | K39: =K38*$C$37*1.03/1000/1000 -> 0 | ... AB39: =AB38*$C$37*1.03/1000/1000 -> 0
A41: Impact of better genetics
A42: Indig. Daughters born | B42: Lakhs | D42: =D38/2/100000*$C$17*Assumptions!$C$10 -> 0 | E42: =E38/2/100000*$C$17*Assumptions!$C$10 -> 0 | F42: =F38/2/100000*$C$17*Assumptions!$C$10 -> 0 | G42: =G38/2/100000*$C$17*Assumptions!$C$10 -> 0 | H42: =H38/2/100000*$C$17*Assumptions!$C$10 -> 0 | I42: =I38/2/100000*$C$17*Assumptions!$C$10 -> 0 | J42: =J38/2/100000*$C$17*Assumptions!$C$10 -> 0 | K42: =K38/2/100000*$C$17*Assumptions!$C$10 -> 0 | ... AB42: =AB38/2/100000*$C$17*Assumptions!$C$10 -> 0
A43: CB Daughters born | B43: Lakhs | D43: =D38/2/100000*$C$17*Assumptions!$C$11 -> 0 | E43: =E38/2/100000*$C$17*Assumptions!$C$11 -> 0 | F43: =F38/2/100000*$C$17*Assumptions!$C$11 -> 0 | G43: =G38/2/100000*$C$17*Assumptions!$C$11 -> 0 | H43: =H38/2/100000*$C$17*Assumptions!$C$11 -> 0 | I43: =I38/2/100000*$C$17*Assumptions!$C$11 -> 0 | J43: =J38/2/100000*$C$17*Assumptions!$C$11 -> 0 | K43: =K38/2/100000*$C$17*Assumptions!$C$11 -> 0 | ... AB43: =AB38/2/100000*$C$17*Assumptions!$C$11 -> 0
A45: Indig. Daughters calved & in milk | B45: Lakhs | H45: =D42 -> 0 | I45: =SUM(D42:E42) -> 0 | J45: =SUM(D42:F42) -> 0 | K45: =SUM(D42:G42) -> 0 | L45: =SUM(D42:H42) -> 0 | M45: =SUM(E42:I42) -> 0 | N45: =SUM(F42:J42) -> 0 | O45: =SUM(G42:K42) -> 0 | P45: =SUM(H42:L42) -> 0 | Q45: =SUM(I42:M42) -> 0 | R45: =SUM(J42:N42) -> 0 | S45: =SUM(K42:O42) -> 0 | ... AB45: =SUM(T42:X42) -> 0
A46: Year wise Avg. lactation yield of Indig. Daughters | B46: litres | H46: =(1+$C$15*5)*C12 -> 818.622 | I46: =(1+$C$15)*H46 -> 826.80822 | J46: =(1+$C$15)*I46 -> 835.0763 | K46: =(1+$C$15)*J46 -> 843.42707 | L46: =(1+$C$15)*K46 -> 851.86134 | M46: =(1+$C$15)*L46 -> 860.37995 | N46: =(1+$C$15)*M46 -> 868.98375 | O46: =(1+$C$15)*N46 -> 877.67359 | P46: =(1+$C$15)*O46 -> 886.45032 | ... AB46: =(1+$C$15)*AA46 -> 998.87441
A47: Increase in lactation yield of Indig, daughters with respect to base population | B47: litres | H47: =H46-$C$12 -> 38.982 | I47: =I46-$C$12 -> 47.16822 | J47: =J46-$C$12 -> 55.436302 | K47: =K46-$C$12 -> 63.787065 | L47: =L46-$C$12 -> 72.221336 | M47: =M46-$C$12 -> 80.739949 | N47: =N46-$C$12 -> 89.343749 | O47: =O46-$C$12 -> 98.033586 | ... AB47: =AB46-$C$12 -> 219.23441
A49: Incrmntl Milk production Matrix
A50: 1st lactation | B50: litres | H50: =H$47*D$42*100000 -> 0 | I50: =I$47*E$42*100000 -> 0 | J50: =J$47*F$42*100000 -> 0 | K50: =K$47*G$42*100000 -> 0 | L50: =L$47*H$42*100000 -> 0 | M50: =M$47*I$42*100000 -> 0 | N50: =N$47*J$42*100000 -> 0 | O50: =O$47*K$42*100000 -> 0 | ... AB50: =AB$47*X$42*100000 -> 0
A51: 2nd lactation | B51: litres | I51: =H$47*D$42*100000 -> 0 | J51: =I$47*E$42*100000 -> 0 | K51: =J$47*F$42*100000 -> 0 | L51: =K$47*G$42*100000 -> 0 | M51: =L$47*H$42*100000 -> 0 | N51: =M$47*I$42*100000 -> 0 | O51: =N$47*J$42*100000 -> 0 | P51: =O$47*K$42*100000 -> 0 | ... AB51: =AA$47*W$42*100000 -> 0
A52: 3rd lactation | B52: litres | J52: =H$47*D$42*100000 -> 0 | K52: =I$47*E$42*100000 -> 0 | L52: =J$47*F$42*100000 -> 0 | M52: =K$47*G$42*100000 -> 0 | N52: =L$47*H$42*100000 -> 0 | O52: =M$47*I$42*100000 -> 0 | P52: =N$47*J$42*100000 -> 0 | Q52: =O$47*K$42*100000 -> 0 | ... AB52: =Z$47*V$42*100000 -> 0
A53: 4th lactation | B53: litres | K53: =H$47*D$42*100000 -> 0 | L53: =I$47*E$42*100000 -> 0 | M53: =J$47*F$42*100000 -> 0 | N53: =K$47*G$42*100000 -> 0 | O53: =L$47*H$42*100000 -> 0 | P53: =M$47*I$42*100000 -> 0 | Q53: =N$47*J$42*100000 -> 0 | R53: =O$47*K$42*100000 -> 0 | ... AB53: =Y$47*U$42*100000 -> 0
A54: 5th lactation | B54: litres | L54: =H$47*D$42*100000 -> 0 | M54: =I$47*E$42*100000 -> 0 | N54: =J$47*F$42*100000 -> 0 | O54: =K$47*G$42*100000 -> 0 | P54: =L$47*H$42*100000 -> 0 | Q54: =M$47*I$42*100000 -> 0 | R54: =N$47*J$42*100000 -> 0 | S54: =O$47*K$42*100000 -> 0 | ... AB54: =X$47*T$42*100000 -> 0
A55: Total | B55: litres | H55: =SUM(H50:H54) -> 0 | I55: =SUM(I50:I54) -> 0 | J55: =SUM(J50:J54) -> 0 | K55: =SUM(K50:K54) -> 0 | L55: =SUM(L50:L54) -> 0 | M55: =SUM(M50:M54) -> 0 | N55: =SUM(N50:N54) -> 0 | O55: =SUM(O50:O54) -> 0 | ... AB55: =SUM(AB50:AB54) -> 0
A57: Incrmntl. Milk production due to higher genetic Indig. daughters | B57: '000 Tonnes | H57: =H55*(365/$D$33)*1.03/1000/1000 -> 0 | I57: =((H55*($D$33-365)/$D$33)+(I55*(365/$D$33)))*1.03/1000/1000 -> 0 | J57: =((I55*($D$33-365)/$D$33)+(J55*(365/$D$33)))*1.03/1000/1000 -> 0 | K57: =((J55*($D$33-365)/$D$33)+(K55*(365/$D$33)))*1.03/1000/1000 -> 0 | L57: =((K55*($D$33-365)/$D$33)+(L55*(365/$D$33)))*1.03/1000/1000 -> 0 | M57: =((L55*($D$33-365)/$D$33)+(M55*(365/$D$33)))*1.03/1000/1000 -> 0 | N57: =((M55*($D$33-365)/$D$33)+(N55*(365/$D$33)))*1.03/1000/1000 -> 0 | O57: =((N55*($D$33-365)/$D$33)+(O55*(365/$D$33)))*1.03/1000/1000 -> 0 | P57: =((O55*($D$33-365)/$D$33)+(P55*(365/$D$33)))*1.03/1000/1000 -> 0 | ... AB57: =((AA55*($D$33-365)/$D$33)+(AB55*(365/$D$33)))*1.03/1000/1000 -> 0
A59: CB Daughters calved & in-milk | B59: Lakhs | G59: =D43 -> 0 | H59: =SUM(D43:E43) -> 0 | I59: =SUM(D43:F43) -> 0 | J59: =SUM(D43:G43) -> 0 | K59: =SUM(D43:H43) -> 0 | L59: =SUM(E43:I43) -> 0 | M59: =SUM(F43:J43) -> 0 | N59: =SUM(G43:K43) -> 0 | O59: =SUM(H43:L43) -> 0 | P59: =SUM(I43:M43) -> 0 | Q59: =SUM(J43:N43) -> 0 | R59: =SUM(K43:O43) -> 0 | ... AB59: =SUM(U43:Y43) -> 0
A60: Year wise Avg. lactation yield of CB Daughters | B60: litres | G60: ='NDSP Bull, SS & Non-NDSP AI'!$D$14 -> 2507.185 | H60: ='NDSP Bull, SS & Non-NDSP AI'!$D$14 -> 2507.185 | I60: ='NDSP Bull, SS & Non-NDSP AI'!$D$14 -> 2507.185 | J60: ='NDSP Bull, SS & Non-NDSP AI'!$D$14 -> 2507.185 | K60: ='NDSP Bull, SS & Non-NDSP AI'!$D$14 -> 2507.185 | L60: ='NDSP Bull, SS & Non-NDSP AI'!$D$14 -> 2507.185 | M60: ='NDSP Bull, SS & Non-NDSP AI'!$D$14 -> 2507.185 | N60: ='NDSP Bull, SS & Non-NDSP AI'!$D$14 -> 2507.185 | ... AB60: ='NDSP Bull, SS & Non-NDSP AI'!$D$14 -> 2507.185
A61: Increase in lactation yield of CB daughters with respect to base population | B61: litres | G61: =G60-$C$12 -> 1727.545 | H61: =H60-$C$12 -> 1727.545 | I61: =I60-$C$12 -> 1727.545 | J61: =J60-$C$12 -> 1727.545 | K61: =K60-$C$12 -> 1727.545 | L61: =L60-$C$12 -> 1727.545 | M61: =M60-$C$12 -> 1727.545 | N61: =N60-$C$12 -> 1727.545 | ... AB61: =AB60-$C$12 -> 1727.545
A63: Incrmntl Milk production Matrix
A64: 1st lactation | B64: litres | G64: =D43*G61*100000 -> 0 | H64: =E43*H61*100000 -> 0 | I64: =F43*I61*100000 -> 0 | J64: =G43*J61*100000 -> 0 | K64: =H43*K61*100000 -> 0 | L64: =I43*L61*100000 -> 0 | M64: =J43*M61*100000 -> 0 | N64: =K43*N61*100000 -> 0 | ... AB64: =Y43*AB61*100000 -> 0
A65: 2nd lactation | B65: litres | H65: =D43*G61*100000 -> 0 | I65: =E43*H61*100000 -> 0 | J65: =F43*I61*100000 -> 0 | K65: =G43*J61*100000 -> 0 | L65: =H43*K61*100000 -> 0 | M65: =I43*L61*100000 -> 0 | N65: =J43*M61*100000 -> 0 | O65: =K43*N61*100000 -> 0 | ... AB65: =X43*AA61*100000 -> 0
A66: 3rd lactation | B66: litres | I66: =D43*G61*100000 -> 0 | J66: =E43*H61*100000 -> 0 | K66: =F43*I61*100000 -> 0 | L66: =G43*J61*100000 -> 0 | M66: =H43*K61*100000 -> 0 | N66: =I43*L61*100000 -> 0 | O66: =J43*M61*100000 -> 0 | P66: =K43*N61*100000 -> 0 | ... AB66: =W43*Z61*100000 -> 0
A67: 4th lactation | B67: litres | J67: =D43*G61*100000 -> 0 | K67: =E43*H61*100000 -> 0 | L67: =F43*I61*100000 -> 0 | M67: =G43*J61*100000 -> 0 | N67: =H43*K61*100000 -> 0 | O67: =I43*L61*100000 -> 0 | P67: =J43*M61*100000 -> 0 | Q67: =K43*N61*100000 -> 0 | ... AB67: =V43*Y61*100000 -> 0
A68: 5th lactation | B68: litres | K68: =D43*G61*100000 -> 0 | L68: =E43*H61*100000 -> 0 | M68: =F43*I61*100000 -> 0 | N68: =G43*J61*100000 -> 0 | O68: =H43*K61*100000 -> 0 | P68: =I43*L61*100000 -> 0 | Q68: =J43*M61*100000 -> 0 | R68: =K43*N61*100000 -> 0 | ... AB68: =U43*X61*100000 -> 0
A69: Total | B69: litres | G69: =SUM(G64:G68) -> 0 | H69: =SUM(H64:H68) -> 0 | I69: =SUM(I64:I68) -> 0 | J69: =SUM(J64:J68) -> 0 | K69: =SUM(K64:K68) -> 0 | L69: =SUM(L64:L68) -> 0 | M69: =SUM(M64:M68) -> 0 | N69: =SUM(N64:N68) -> 0 | ... AB69: =SUM(AB64:AB68) -> 0
A71: Incrmtl. Milk production due to CB daughters | B71: '000 Tonnes | G71: =G69*(365/$D$33)*1.03/1000/1000 -> 0 | H71: =((G69*($D$33 -365)/$D$33)+(H69*365/$D$33))*1.03/1000/1000 -> 0 | I71: =((H69*($D$33 -365)/$D$33)+(I69*365/$D$33))*1.03/1000/1000 -> 0 | J71: =((I69*($D$33 -365)/$D$33)+(J69*365/$D$33))*1.03/1000/1000 -> 0 | K71: =((J69*($D$33 -365)/$D$33)+(K69*365/$D$33))*1.03/1000/1000 -> 0 | L71: =((K69*($D$33 -365)/$D$33)+(L69*365/$D$33))*1.03/1000/1000 -> 0 | M71: =((L69*($D$33 -365)/$D$33)+(M69*365/$D$33))*1.03/1000/1000 -> 0 | N71: =((M69*($D$33 -365)/$D$33)+(N69*365/$D$33))*1.03/1000/1000 -> 0 | O71: =((N69*($D$33 -365)/$D$33)+(O69*365/$D$33))*1.03/1000/1000 -> 0 | ... AB71: =((AA69*($D$33 -365)/$D$33)+(AB69*365/$D$33))*1.03/1000/1000 -> 0
A73: Incrmntl. Milk production due to better genetics | B73: '000 Tonnes | G73: =G71+G57 -> 0 | H73: =H71+H57 -> 0 | I73: =I71+I57 -> 0 | J73: =J71+J57 -> 0 | K73: =K71+K57 -> 0 | L73: =L71+L57 -> 0 | M73: =M71+M57 -> 0 | N73: =N71+N57 -> 0 | ... AB73: =AB71+AB57 -> 0
A75: Incremntl milk production due to Bull production (INDIG. COWS) | B75: '000 Tonnes | C75: =C73+C39 -> 0 | D75: =D73+D39 -> 0 | E75: =E73+E39 -> 0 | F75: =F73+F39 -> 0 | G75: =G73+G39 -> 0 | H75: =H73+H39 -> 0 | I75: =I73+I39 -> 0 | J75: =J73+J39 -> 0 | ... AB75: =AB73+AB39 -> 0
A78: CROSSBRED COWS
A79: AI Nos. | B79: Nos. | C79: =C28*$D$18 -> 0 | D79: =D28*$D$18 -> 0 | E79: =E28*$D$18 -> 0 | F79: =F28*$D$18 -> 0 | G79: =G28*$D$18 -> 0 | H79: =H28*$D$18 -> 0 | I79: =I28*$D$18 -> 0 | J79: =J28*$D$18 -> 0 | ... AB79: =AB28*$D$18 -> 0
A80: Inter-Calving period | C80: =280+60+((1/C21)-1)*22 -> 380.85714 | D80: =280+60+((1/D21)-1)*22 -> 379.11111 | E80: =C80-D80 -> 1.7460317
A82: Impact of Increase in Conception rate
A83: Avg, Milk produced per day | B83: litres | C83: =D12/305 -> 8.2202787
A84: Increase in milk production due to reduction in inter-calving period per animal | B84: litres | C84: =C83*E80 -> 14.352868
A85: Animals calved successfully | B85: Nos | D85: =C79*$D$21*$D$16*365/$D$80 -> 0 | E85: =(D79*$D$21*$D$16*(365/$D$80))+(C79*$D$21*$D$16*($D$80-365)/$D$80) -> 0 | F85: =(E79*$D$21*$D$16*(365/$D$80))+(D79*$D$21*$D$16*($D$80-365)/$D$80) -> 0 | G85: =(F79*$D$21*$D$16*(365/$D$80))+(E79*$D$21*$D$16*($D$80-365)/$D$80) -> 0 | H85: =(G79*$D$21*$D$16*(365/$D$80))+(F79*$D$21*$D$16*($D$80-365)/$D$80) -> 0 | I85: =(H79*$D$21*$D$16*(365/$D$80))+(G79*$D$21*$D$16*($D$80-365)/$D$80) -> 0 | J85: =(I79*$D$21*$D$16*(365/$D$80))+(H79*$D$21*$D$16*($D$80-365)/$D$80) -> 0 | K85: =(J79*$D$21*$D$16*(365/$D$80))+(I79*$D$21*$D$16*($D$80-365)/$D$80) -> 0 | L85: =(K79*$D$21*$D$16*(365/$D$80))+(J79*$D$21*$D$16*($D$80-365)/$D$80) -> 0 | ... AB85: =(AA79*$D$21*$D$16*(365/$D$80))+(Z79*$D$21*$D$16*($D$80-365)/$D$80) -> 0
A86: Incrmntl. milk production due to reduction in inter-calving period | B86: '000 Tonnes | D86: =D85*$C$84*1.03/1000/1000 -> 0 | E86: =E85*$C$84*1.03/1000/1000 -> 0 | F86: =F85*$C$84*1.03/1000/1000 -> 0 | G86: =G85*$C$84*1.03/1000/1000 -> 0 | H86: =H85*$C$84*1.03/1000/1000 -> 0 | I86: =I85*$C$84*1.03/1000/1000 -> 0 | J86: =J85*$C$84*1.03/1000/1000 -> 0 | K86: =K85*$C$84*1.03/1000/1000 -> 0 | ... AB86: =AB85*$C$84*1.03/1000/1000 -> 0
A88: Impact of better genetics
A89: Daughters born | B89: Lakhs | D89: =D85/2/100000*$D$17 -> 0 | E89: =E85/2/100000*$D$17 -> 0 | F89: =F85/2/100000*$D$17 -> 0 | G89: =G85/2/100000*$D$17 -> 0 | H89: =H85/2/100000*$D$17 -> 0 | I89: =I85/2/100000*$D$17 -> 0 | J89: =J85/2/100000*$D$17 -> 0 | K89: =K85/2/100000*$D$17 -> 0 | ... AB89: =AB85/2/100000*$D$17 -> 0
A90: Daughters calved & in milk | B90: Lakhs | G90: =D89 -> 0 | H90: =SUM(D89:E89) -> 0 | I90: =SUM(D89:F89) -> 0 | J90: =SUM(D89:G89) -> 0 | K90: =SUM(D89:H89) -> 0 | L90: =SUM(E89:I89) -> 0 | M90: =SUM(F89:J89) -> 0 | N90: =SUM(G89:K89) -> 0 | O90: =SUM(H89:L89) -> 0 | P90: =SUM(I89:M89) -> 0 | Q90: =SUM(J89:N89) -> 0 | R90: =SUM(K89:O89) -> 0 | ... AB90: =SUM(U89:Y89) -> 0
A91: Year wise Avg. lactation yield of CB Daughters | B91: litres | G91: =(1+$D$15*5)*D12 -> 2632.5442 | H91: =(1+$D$15)*G91 -> 2658.8697 | I91: =(1+$D$15)*H91 -> 2685.4584 | J91: =(1+$D$15)*I91 -> 2712.313 | K91: =(1+$D$15)*J91 -> 2739.4361 | L91: =(1+$D$15)*K91 -> 2766.8305 | M91: =(1+$D$15)*L91 -> 2794.4988 | N91: =(1+$D$15)*M91 -> 2822.4438 | O91: =(1+$D$15)*N91 -> 2850.6682 | ... AB91: =(1+$D$15)*AA91 -> 3244.3263
A92: Increase in lactation yield of CB daughters with respect to base population | B92: litres | G92: =G91-$D$12 -> 125.35925 | H92: =H91-$D$12 -> 151.68469 | I92: =I91-$D$12 -> 178.27339 | J92: =J91-$D$12 -> 205.12797 | K92: =K91-$D$12 -> 232.2511 | L92: =L91-$D$12 -> 259.64546 | M92: =M91-$D$12 -> 287.31377 | N92: =N91-$D$12 -> 315.25876 | ... AB92: =AB91-$D$12 -> 737.14132
A94: Incrmntl Milk production Matrix
A95: 1st lactation | B95: litres | G95: =G92*D89*100000 -> 0 | H95: =H92*E89*100000 -> 0 | I95: =I92*F89*100000 -> 0 | J95: =J92*G89*100000 -> 0 | K95: =K92*H89*100000 -> 0 | L95: =L92*I89*100000 -> 0 | M95: =M92*J89*100000 -> 0 | N95: =N92*K89*100000 -> 0 | ... AB95: =AB92*Y89*100000 -> 0
A96: 2nd lactation | B96: litres | H96: =G92*D89*100000 -> 0 | I96: =H92*E89*100000 -> 0 | J96: =I92*F89*100000 -> 0 | K96: =J92*G89*100000 -> 0 | L96: =K92*H89*100000 -> 0 | M96: =L92*I89*100000 -> 0 | N96: =M92*J89*100000 -> 0 | O96: =N92*K89*100000 -> 0 | ... AB96: =AA92*X89*100000 -> 0
A97: 3rd lactation | B97: litres | I97: =G92*D89*100000 -> 0 | J97: =H92*E89*100000 -> 0 | K97: =I92*F89*100000 -> 0 | L97: =J92*G89*100000 -> 0 | M97: =K92*H89*100000 -> 0 | N97: =L92*I89*100000 -> 0 | O97: =M92*J89*100000 -> 0 | P97: =N92*K89*100000 -> 0 | ... AB97: =Z92*W89*100000 -> 0
A98: 4th lactation | B98: litres | J98: =G92*D89*100000 -> 0 | K98: =H92*E89*100000 -> 0 | L98: =I92*F89*100000 -> 0 | M98: =J92*G89*100000 -> 0 | N98: =K92*H89*100000 -> 0 | O98: =L92*I89*100000 -> 0 | P98: =M92*J89*100000 -> 0 | Q98: =N92*K89*100000 -> 0 | ... AB98: =Y92*V89*100000 -> 0
A99: 5th lactation | B99: litres | K99: =G92*D89*100000 -> 0 | L99: =H92*E89*100000 -> 0 | M99: =I92*F89*100000 -> 0 | N99: =J92*G89*100000 -> 0 | O99: =K92*H89*100000 -> 0 | P99: =L92*I89*100000 -> 0 | Q99: =M92*J89*100000 -> 0 | R99: =N92*K89*100000 -> 0 | ... AB99: =X92*U89*100000 -> 0
A100: Total | B100: litres | G100: =SUM(G95:G99) -> 0 | H100: =SUM(H95:H99) -> 0 | I100: =SUM(I95:I99) -> 0 | J100: =SUM(J95:J99) -> 0 | K100: =SUM(K95:K99) -> 0 | L100: =SUM(L95:L99) -> 0 | M100: =SUM(M95:M99) -> 0 | N100: =SUM(N95:N99) -> 0 | ... AB100: =SUM(AB95:AB99) -> 0
A102: Incremental milk production due to higher genetic potential of daughters | B102: '000 Tonnes | G102: =G100*(365/$D$80)*1.03/1000/1000 -> 0 | H102: =((G100*($D$80-365)/$D$80)+(H100*365/$D$80))*1.03/1000/1000 -> 0 | I102: =((H100*($D$80-365)/$D$80)+(I100*365/$D$80))*1.03/1000/1000 -> 0 | J102: =((I100*($D$80-365)/$D$80)+(J100*365/$D$80))*1.03/1000/1000 -> 0 | K102: =((J100*($D$80-365)/$D$80)+(K100*365/$D$80))*1.03/1000/1000 -> 0 | L102: =((K100*($D$80-365)/$D$80)+(L100*365/$D$80))*1.03/1000/1000 -> 0 | M102: =((L100*($D$80-365)/$D$80)+(M100*365/$D$80))*1.03/1000/1000 -> 0 | N102: =((M100*($D$80-365)/$D$80)+(N100*365/$D$80))*1.03/1000/1000 -> 0 | O102: =((N100*($D$80-365)/$D$80)+(O100*365/$D$80))*1.03/1000/1000 -> 0 | ... AB102: =((AA100*($D$80-365)/$D$80)+(AB100*365/$D$80))*1.03/1000/1000 -> 0
A104: Incrmntl. Milk production due to Bull production (CROSSBRED COWS) | B104: '000 Tonnes | C104: =C102+C86 -> 0 | D104: =D102+D86 -> 0 | E104: =E102+E86 -> 0 | F104: =F102+F86 -> 0 | G104: =G102+G86 -> 0 | H104: =H102+H86 -> 0 | I104: =I102+I86 -> 0 | J104: =J102+J86 -> 0 | ... AB104: =AB102+AB86 -> 0
A107: BUFFALOES
A108: AI Nos. | B108: Nos. | C108: =C28*$E$18 -> 0 | D108: =D28*$E$18 -> 0 | E108: =E28*$E$18 -> 0 | F108: =F28*$E$18 -> 0 | G108: =G28*$E$18 -> 0 | H108: =H28*$E$18 -> 0 | I108: =I28*$E$18 -> 0 | J108: =J28*$E$18 -> 0 | ... AB108: =AB28*$E$18 -> 0
A109: Inter-Calving period | C109: =310+60+((1/C21)-1)*22 -> 410.85714 | D109: =310+60+((1/D21)-1)*22 -> 409.11111 | E109: =C109-D109 -> 1.7460317
A111: Impact of Increase in Conception rate
A112: Avg, Milk produced per day | B112: litres | C112: =E12/305 -> 5.4702131
A113: Increase in milk production due to reduction in inter-calving period per animal | B113: litres | C113: =C112*E109 -> 9.5511658
A114: Animals calved successfully | B114: Nos | D114: =C108*$D$21*$E$16*365/$D$109 -> 0 | E114: =((D108*$D$21*$E$16*(365/$D$109))+(C108*$D$21*$E$16*($D$109-365)/$D$109)) -> 0 | F114: =((E108*$D$21*$E$16*(365/$D$109))+(D108*$D$21*$E$16*($D$109-365)/$D$109)) -> 0 | G114: =((F108*$D$21*$E$16*(365/$D$109))+(E108*$D$21*$E$16*($D$109-365)/$D$109)) -> 0 | H114: =((G108*$D$21*$E$16*(365/$D$109))+(F108*$D$21*$E$16*($D$109-365)/$D$109)) -> 0 | I114: =((H108*$D$21*$E$16*(365/$D$109))+(G108*$D$21*$E$16*($D$109-365)/$D$109)) -> 0 | J114: =((I108*$D$21*$E$16*(365/$D$109))+(H108*$D$21*$E$16*($D$109-365)/$D$109)) -> 0 | K114: =((J108*$D$21*$E$16*(365/$D$109))+(I108*$D$21*$E$16*($D$109-365)/$D$109)) -> 0 | L114: =((K108*$D$21*$E$16*(365/$D$109))+(J108*$D$21*$E$16*($D$109-365)/$D$109)) -> 0 | ... AB114: =((AA108*$D$21*$E$16*(365/$D$109))+(Z108*$D$21*$E$16*($D$109-365)/$D$109)) -> 0
A115: Increase in milk production due to reduction in inter-calving period | B115: '000 Tonnes | D115: =D114*$C$113*1.03/1000/1000 -> 0 | E115: =E114*$C$113*1.03/1000/1000 -> 0 | F115: =F114*$C$113*1.03/1000/1000 -> 0 | G115: =G114*$C$113*1.03/1000/1000 -> 0 | H115: =H114*$C$113*1.03/1000/1000 -> 0 | I115: =I114*$C$113*1.03/1000/1000 -> 0 | J115: =J114*$C$113*1.03/1000/1000 -> 0 | K115: =K114*$C$113*1.03/1000/1000 -> 0 | ... AB115: =AB114*$C$113*1.03/1000/1000 -> 0
A117: Impact of better genetics
A118: Daughters born | B118: Lakhs | D118: =D114/2/100000*$E$17 -> 0 | E118: =E114/2/100000*$E$17 -> 0 | F118: =F114/2/100000*$E$17 -> 0 | G118: =G114/2/100000*$E$17 -> 0 | H118: =H114/2/100000*$E$17 -> 0 | I118: =I114/2/100000*$E$17 -> 0 | J118: =J114/2/100000*$E$17 -> 0 | K118: =K114/2/100000*$E$17 -> 0 | ... AB118: =AB114/2/100000*$E$17 -> 0
A119: Daughters calved & in-milk | B119: Lakhs | H119: =D118 -> 0 | I119: =SUM(D118:E118) -> 0 | J119: =SUM(D118:F118) -> 0 | K119: =SUM(D118:G118) -> 0 | L119: =SUM(D118:H118) -> 0 | M119: =SUM(E118:I118) -> 0 | N119: =SUM(F118:J118) -> 0 | O119: =SUM(G118:K118) -> 0 | P119: =SUM(H118:L118) -> 0 | Q119: =SUM(I118:M118) -> 0 | R119: =SUM(J118:N118) -> 0 | S119: =SUM(K118:O118) -> 0 | ... AB119: =SUM(T118:X118) -> 0
A121: Year wise Avg. lactation yield of CB Daughters | B121: litres | H121: =(1+$E$15*5)*E12 -> 1751.8357 | I121: =(1+$E$15)*H121 -> 1769.3541 | J121: =(1+$E$15)*I121 -> 1787.0476 | K121: =(1+$E$15)*J121 -> 1804.9181 | L121: =(1+$E$15)*K121 -> 1822.9673 | M121: =(1+$E$15)*L121 -> 1841.197 | N121: =(1+$E$15)*M121 -> 1859.6089 | O121: =(1+$E$15)*N121 -> 1878.205 | P121: =(1+$E$15)*O121 -> 1896.9871 | ... AB121: =(1+$E$15)*AA121 -> 2137.5725
A122: Increase in lactation yield of CB daughters with respect to base population | B122: litres | H122: =H121-$E$12 -> 83.42075 | I122: =I121-$E$12 -> 100.93911 | J122: =J121-$E$12 -> 118.63265 | K122: =K121-$E$12 -> 136.50313 | L122: =L121-$E$12 -> 154.55231 | M122: =M121-$E$12 -> 172.78198 | N122: =N121-$E$12 -> 191.19395 | O122: =O121-$E$12 -> 209.79004 | ... AB122: =AB121-$E$12 -> 469.15753
A124: Incrmntl Milk production Matrix
A125: 1st lactation | B125: litres | H125: =H122*D118*100000 -> 0 | I125: =I122*E118*100000 -> 0 | J125: =J122*F118*100000 -> 0 | K125: =K122*G118*100000 -> 0 | L125: =L122*H118*100000 -> 0 | M125: =M122*I118*100000 -> 0 | N125: =N122*J118*100000 -> 0 | O125: =O122*K118*100000 -> 0 | ... AB125: =AB122*X118*100000 -> 0
A126: 2nd lactation | B126: litres | I126: =H122*D118*100000 -> 0 | J126: =I122*E118*100000 -> 0 | K126: =J122*F118*100000 -> 0 | L126: =K122*G118*100000 -> 0 | M126: =L122*H118*100000 -> 0 | N126: =M122*I118*100000 -> 0 | O126: =N122*J118*100000 -> 0 | P126: =O122*K118*100000 -> 0 | ... AB126: =AA122*W118*100000 -> 0
A127: 3rd lactation | B127: litres | J127: =H122*D118*100000 -> 0 | K127: =I122*E118*100000 -> 0 | L127: =J122*F118*100000 -> 0 | M127: =K122*G118*100000 -> 0 | N127: =L122*H118*100000 -> 0 | O127: =M122*I118*100000 -> 0 | P127: =N122*J118*100000 -> 0 | Q127: =O122*K118*100000 -> 0 | ... AB127: =Z122*V118*100000 -> 0
A128: 4th lactation | B128: litres | K128: =H122*D118*100000 -> 0 | L128: =I122*E118*100000 -> 0 | M128: =J122*F118*100000 -> 0 | N128: =K122*G118*100000 -> 0 | O128: =L122*H118*100000 -> 0 | P128: =M122*I118*100000 -> 0 | Q128: =N122*J118*100000 -> 0 | R128: =O122*K118*100000 -> 0 | ... AB128: =Y122*U118*100000 -> 0
A129: 5th lactation | B129: litres | L129: =H122*D118*100000 -> 0 | M129: =I122*E118*100000 -> 0 | N129: =J122*F118*100000 -> 0 | O129: =K122*G118*100000 -> 0 | P129: =L122*H118*100000 -> 0 | Q129: =M122*I118*100000 -> 0 | R129: =N122*J118*100000 -> 0 | S129: =O122*K118*100000 -> 0 | ... AB129: =X122*T118*100000 -> 0
...

Sheet NDSP - Bull & Semen
A1: Programme wise Bulls produced from planned Bull Production Programmes
A2: Sno | B2: PT Project | C2: Breed | D2: 09-10 | E2: 10-11 | F2: 11-12 | G2: 12-13 | H2: 13-14 | I2: 14-15 | J2: 15-16 | K2: 16-17
A3: 1 | B3: KMF PT | C3: Exotic HF | D3: 0 | E3: 0 | F3: 12.24 | G3: 23.256 | H3: 34.272 | I3: 45.288 | J3: 62.1504 | K3: =66.3984 -> 66.3984
A4: 2 | B4: SAG PT | C4: CB HF | D4: 0 | E4: 14 | F4: 14 | G4: 22.3272 | H4: 29.82168 | I4: 36.566712 | J4: 55.338041 | K4: 71.150317
A5: 3 | B5: SAG PT | C5: Murrah | D5: 0 | E5: 12 | F5: 14 | G5: 21.9996 | H5: 29.19924 | I5: 35.678916 | J5: 41.510624 | K5: 55.436362
A6: 4 | B6: Banas Union PT | C6: Mehsana | D6: 0 | E6: 0 | F6: 6 | G6: 11.4 | H6: 16.26 | I6: 20.634 | J6: 24.5706 | K6: 24.28254
A7: 5 | B7: Mehsana Union PT | C7: Mehsana | D7: 0 | E7: 0 | F7: 6 | G7: 11.76 | H7: 16.944 | I7: 21.6096 | J7: 25.80864 | K7: 25.341276
A8: 6 | B8: UP Meerut PT | C8: Murrah | D8: 0 | E8: 0 | F8: 8.4 | G8: 15.96 | H8: 22.764 | I8: 28.8876 | J8: 34.39884 | K8: 35.45
A9: 7 | B9: Haryana PT | C9: Murrah | E9: 0 | F9: 0 | G9: 0 | H9: 6 | I9: 11 | J9: 16 | K9: 22
A10: 8 | B10: TCMPF PT | C10: CB Jersey | E10: 0 | F10: 0 | G10: 11.76 | H10: 24.024 | I10: 35.0616 | J10: 44.99544 | K10: 66.636696
A11: 9 | B11: Punjab PT | C11: Murrah | F11: 0 | G11: 0 | H11: 0 | I11: 17 | J11: 32 | K11: 45
A12: 11 | B12: Rathi breed | C12: Rathi | E12: 0 | F12: 0 | G12: 11.25 | H12: 16.875 | I12: 19.125 | J12: 20 | K12: 20
A13: 12 | B13: Tharparkar breed | C13: Tharparkar | E13: 0 | F13: 0 | G13: 0 | H13: 11 | I13: 17 | J13: 19 | K13: 20
A14: 13 | B14: Kankrej breed | C14: Kankrej | E14: 0 | F14: 0 | G14: 11.25 | H14: 16.875 | I14: 19.125 | J14: 20 | K14: 20
A15: 14 | B15: Gir | C15: Gir | G15: 0 | H15: 0 | I15: 11 | J15: 17 | K15: 19
A16: 15 | B16: Jaffarabadi | C16: Jaffarabadi | G16: 0 | H16: 0 | I16: 11 | J16: 17 | K16: 19
A17: 16 | B17: HF Calf rearing station, Jallandhar | C17: Exotic HF | F17: 0 | G17: 30 | H17: 35 | I17: 40 | J17: 45 | K17: 50
A18: 17 | B18: Imports | C18: Exotic HF | F18: 0 | G18: 0 | H18: 0 | I18: 50 | J18: 0 | K18: 50
A19: 18 | B19: Imports | C19: Exotic Jersey | F19: 100 | G19: 100 | H19: 0 | I19: 50 | J19: 0 | K19: 50
A20: Total (NDSP) | D20: =SUM(D3:D19) -> 0 | E20: =SUM(E3:E19) -> 26 | F20: =SUM(F3:F19) -> 160.64 | G20: =SUM(G3:G19) -> 270.9628 | H20: =SUM(H3:H19) -> 259.03492 | I20: =SUM(I3:I19) -> 468.97643 | J20: =SUM(J3:J19) -> 474.77259 | K20: =SUM(K3:K19) -> 659.69559
C22: Breed-wise Bulls produced
C23: Breeds | D23: 09-10 | E23: 10-11 | F23: 11-12 | G23: 12-13 | H23: 13-14 | I23: 14-15 | J23: 15-16 | K23: 16-17
C24: Exotic HF | D24: =SUMIF($C$3:$C$19,$C24,D$3:D$19) -> 0 | E24: =SUMIF($C$3:$C$19,$C24,E$3:E$19) -> 0 | F24: =SUMIF($C$3:$C$19,$C24,F$3:F$19) -> 12.24 | G24: =SUMIF($C$3:$C$19,$C24,G$3:G$19) -> 53.256 | H24: =SUMIF($C$3:$C$19,$C24,H$3:H$19) -> 69.272 | I24: =SUMIF($C$3:$C$19,$C24,I$3:I$19) -> 135.288 | J24: =SUMIF($C$3:$C$19,$C24,J$3:J$19) -> 107.1504 | K24: =SUMIF($C$3:$C$19,$C24,K$3:K$19) -> 166.3984
C25: Exotic Jersey | D25: =SUMIF($C$3:$C$19,$C25,D$3:D$19) -> 0 | E25: =SUMIF($C$3:$C$19,$C25,E$3:E$19) -> 0 | F25: =SUMIF($C$3:$C$19,$C25,F$3:F$19) -> 100 | G25: =SUMIF($C$3:$C$19,$C25,G$3:G$19) -> 100 | H25: =SUMIF($C$3:$C$19,$C25,H$3:H$19) -> 0 | I25: =SUMIF($C$3:$C$19,$C25,I$3:I$19) -> 50 | J25: =SUMIF($C$3:$C$19,$C25,J$3:J$19) -> 0 | K25: =SUMIF($C$3:$C$19,$C25,K$3:K$19) -> 50
C26: CB HF | D26: =SUMIF($C$3:$C$19,$C26,D$3:D$19) -> 0 | E26: =SUMIF($C$3:$C$19,$C26,E$3:E$19) -> 14 | F26: =SUMIF($C$3:$C$19,$C26,F$3:F$19) -> 14 | G26: =SUMIF($C$3:$C$19,$C26,G$3:G$19) -> 22.3272 | H26: =SUMIF($C$3:$C$19,$C26,H$3:H$19) -> 29.82168 | I26: =SUMIF($C$3:$C$19,$C26,I$3:I$19) -> 36.566712 | J26: =SUMIF($C$3:$C$19,$C26,J$3:J$19) -> 55.338041 | K26: =SUMIF($C$3:$C$19,$C26,K$3:K$19) -> 71.150317
C27: CB Jersey | D27: =SUMIF($C$3:$C$19,$C27,D$3:D$19) -> 0 | E27: =SUMIF($C$3:$C$19,$C27,E$3:E$19) -> 0 | F27: =SUMIF($C$3:$C$19,$C27,F$3:F$19) -> 0 | G27: =SUMIF($C$3:$C$19,$C27,G$3:G$19) -> 11.76 | H27: =SUMIF($C$3:$C$19,$C27,H$3:H$19) -> 24.024 | I27: =SUMIF($C$3:$C$19,$C27,I$3:I$19) -> 35.0616 | J27: =SUMIF($C$3:$C$19,$C27,J$3:J$19) -> 44.99544 | K27: =SUMIF($C$3:$C$19,$C27,K$3:K$19) -> 66.636696
C28: Murrah | D28: =SUMIF($C$3:$C$19,$C28,D$3:D$19) -> 0 | E28: =SUMIF($C$3:$C$19,$C28,E$3:E$19) -> 12 | F28: =SUMIF($C$3:$C$19,$C28,F$3:F$19) -> 22.4 | G28: =SUMIF($C$3:$C$19,$C28,G$3:G$19) -> 37.9596 | H28: =SUMIF($C$3:$C$19,$C28,H$3:H$19) -> 57.96324 | I28: =SUMIF($C$3:$C$19,$C28,I$3:I$19) -> 92.566516 | J28: =SUMIF($C$3:$C$19,$C28,J$3:J$19) -> 123.90946 | K28: =SUMIF($C$3:$C$19,$C28,K$3:K$19) -> 157.88636
C29: Mehsana | D29: =SUMIF($C$3:$C$19,$C29,D$3:D$19) -> 0 | E29: =SUMIF($C$3:$C$19,$C29,E$3:E$19) -> 0 | F29: =SUMIF($C$3:$C$19,$C29,F$3:F$19) -> 12 | G29: =SUMIF($C$3:$C$19,$C29,G$3:G$19) -> 23.16 | H29: =SUMIF($C$3:$C$19,$C29,H$3:H$19) -> 33.204 | I29: =SUMIF($C$3:$C$19,$C29,I$3:I$19) -> 42.2436 | J29: =SUMIF($C$3:$C$19,$C29,J$3:J$19) -> 50.37924 | K29: =SUMIF($C$3:$C$19,$C29,K$3:K$19) -> 49.623816
C30: Indigenous | D30: =SUM(D12:D16) -> 0 | E30: =SUM(E12:E16) -> 0 | F30: =SUM(F12:F16) -> 0 | G30: =SUM(G12:G16) -> 22.5 | H30: =SUM(H12:H16) -> 44.75 | I30: =SUM(I12:I16) -> 77.25 | J30: =SUM(J12:J16) -> 93 | K30: =SUM(K12:K16) -> 98
C31: Total (NDSP) | D31: =SUM(D24:D30) -> 0 | E31: =SUM(E24:E30) -> 26 | F31: =SUM(F24:F30) -> 160.64 | G31: =SUM(G24:G30) -> 270.9628 | H31: =SUM(H24:H30) -> 259.03492 | I31: =SUM(I24:I30) -> 468.97643 | J31: =SUM(J24:J30) -> 474.77259 | K31: =SUM(K24:K30) -> 659.69559
C36: Breed-wise Bulls under collection (produced from NDDB Bull production Programmes)
C37: Breeds | D37: 09-10 | E37: 10-11 | F37: 11-12 | G37: 12-13 | H37: 13-14 | I37: 14-15 | J37: 15-16 | K37: 16-17 | L37: Semen/ bull
C38: Exotic HF | D38: =D24 -> 0 | E38: =SUM($D24:E24) -> 0 | F38: =SUM($D24:F24) -> 12.24 | G38: =SUM(E24:G24)+D24/3 -> 65.496 | H38: =SUM(F24:H24)+E24/3 -> 134.768 | I38: =SUM(G24:I24)+F24/3 -> 261.896 | J38: =SUM(H24:J24)+G24/3 -> 329.4624 | K38: =SUM(I24:K24)+H24/3 -> 431.92747 | L38: 35000
C39: Exotic Jersey | D39: =D25 -> 0 | E39: =SUM($D25:E25) -> 0 | F39: =SUM($D25:F25) -> 100 | G39: =SUM(E25:G25)+D25/3 -> 200 | H39: =SUM(F25:H25)+E25/3 -> 200 | I39: =SUM(G25:I25)+F25/3 -> 183.33333 | J39: =SUM(H25:J25)+G25/3 -> 83.333333 | K39: =SUM(I25:K25)+H25/3 -> 100 | L39: 35000
C40: CB HF | D40: =D26 -> 0 | E40: =SUM($D26:E26) -> 14 | F40: =SUM($D26:F26) -> 28 | G40: =SUM(E26:G26)+D26/3 -> 50.3272 | H40: =SUM(F26:H26)+E26/3 -> 70.815547 | I40: =SUM(G26:I26)+F26/3 -> 93.382259 | J40: =SUM(H26:J26)+G26/3 -> 129.16883 | K40: =SUM(I26:K26)+H26/3 -> 172.99563 | L40: 30000
C41: CB Jersey | D41: =D27 -> 0 | E41: =SUM($D27:E27) -> 0 | F41: =SUM($D27:F27) -> 0 | G41: =SUM(E27:G27)+D27/3 -> 11.76 | H41: =SUM(F27:H27)+E27/3 -> 35.784 | I41: =SUM(G27:I27)+F27/3 -> 70.8456 | J41: =SUM(H27:J27)+G27/3 -> 108.00104 | K41: =SUM(I27:K27)+H27/3 -> 154.70174 | L41: 30000
C42: Murrah | D42: =D28 -> 0 | E42: =SUM($D28:E28) -> 12 | F42: =SUM($D28:F28) -> 34.4 | G42: =SUM(E28:G28)+D28/3 -> 72.3596 | H42: =SUM(F28:H28)+E28/3 -> 122.32284 | I42: =SUM(G28:I28)+F28/3 -> 195.95602 | J42: =SUM(H28:J28)+G28/3 -> 287.09242 | K42: =SUM(I28:K28)+H28/3 -> 393.68342 | L42: 25000
C43: Mehsana | D43: =D29 -> 0 | E43: =SUM($D29:E29) -> 0 | F43: =SUM($D29:F29) -> 12 | G43: =SUM(E29:G29)+D29/3 -> 35.16 | H43: =SUM(F29:H29)+E29/3 -> 68.364 | I43: =SUM(G29:I29)+F29/3 -> 102.6076 | J43: =SUM(H29:J29)+G29/3 -> 133.54684 | K43: =SUM(I29:K29)+H29/3 -> 153.31466 | L43: 25000
C44: Indigenous | D44: =D30 -> 0 | E44: =SUM($D30:E30) -> 0 | F44: =SUM($D30:F30) -> 0 | G44: =SUM(E30:G30)+D30/3 -> 22.5 | H44: =SUM(F30:H30)+E30/3 -> 67.25 | I44: =SUM(G30:I30)+F30/3 -> 144.5 | J44: =SUM(H30:J30)+G30/3 -> 222.5 | K44: =SUM(I30:K30)+H30/3 -> 283.16667 | L44: 20000
C45: Total (NDSP) | D45: =SUM(D38:D44) -> 0 | E45: =SUM(E38:E44) -> 26 | F45: =SUM(F38:F44) -> 186.64 | G45: =SUM(G38:G44) -> 457.6028 | H45: =SUM(H38:H44) -> 699.30439 | I45: =SUM(I38:I44) -> 1052.5208 | J45: =SUM(J38:J44) -> 1293.1049 | K45: =SUM(K38:K44) -> 1689.7896
B50: Breed-wise Semen produced by Bulls (produced from NDDB Bull production Programmes)
C51: Breeds | D51: 09-10 | E51: 10-11 | F51: 11-12 | G51: 12-13 | H51: 13-14 | I51: 14-15 | J51: 15-16 | K51: 16-17
C52: Exotic HF | D52: =D38*$L38/100000 -> 0 | E52: =E38*$L38/100000 -> 0 | F52: =F38*$L38/100000 -> 4.284 | G52: =G38*$L38/100000 -> 22.9236 | H52: =H38*$L38/100000 -> 47.1688 | I52: =I38*$L38/100000 -> 91.6636 | J52: =J38*$L38/100000 -> 115.31184 | K52: =K38*$L38/100000 -> 151.17461
C53: Exotic Jersey | D53: =D39*$L39/100000 -> 0 | E53: =E39*$L39/100000 -> 0 | F53: =F39*$L39/100000 -> 35 | G53: =G39*$L39/100000 -> 70 | H53: =H39*$L39/100000 -> 70 | I53: =I39*$L39/100000 -> 64.166667 | J53: =J39*$L39/100000 -> 29.166667 | K53: =K39*$L39/100000 -> 35
C54: CB HF | D54: =D40*$L40/100000 -> 0 | E54: =E40*$L40/100000 -> 4.2 | F54: =F40*$L40/100000 -> 8.4 | G54: =G40*$L40/100000 -> 15.09816 | H54: =H40*$L40/100000 -> 21.244664 | I54: =I40*$L40/100000 -> 28.014678 | J54: =J40*$L40/100000 -> 38.75065 | K54: =K40*$L40/100000 -> 51.898689
C55: CB Jersey | D55: =D41*$L41/100000 -> 0 | E55: =E41*$L41/100000 -> 0 | F55: =F41*$L41/100000 -> 0 | G55: =G41*$L41/100000 -> 3.528 | H55: =H41*$L41/100000 -> 10.7352 | I55: =I41*$L41/100000 -> 21.25368 | J55: =J41*$L41/100000 -> 32.400312 | K55: =K41*$L41/100000 -> 46.410521
C56: Murrah | D56: =D42*$L42/100000 -> 0 | E56: =E42*$L42/100000 -> 3 | F56: =F42*$L42/100000 -> 8.6 | G56: =G42*$L42/100000 -> 18.0899 | H56: =H42*$L42/100000 -> 30.58071 | I56: =I42*$L42/100000 -> 48.989006 | J56: =J42*$L42/100000 -> 71.773105 | K56: =K42*$L42/100000 -> 98.420856
C57: Mehsana | D57: =D43*$L43/100000 -> 0 | E57: =E43*$L43/100000 -> 0 | F57: =F43*$L43/100000 -> 3 | G57: =G43*$L43/100000 -> 8.79 | H57: =H43*$L43/100000 -> 17.091 | I57: =I43*$L43/100000 -> 25.6519 | J57: =J43*$L43/100000 -> 33.38671 | K57: =K43*$L43/100000 -> 38.328664
C58: Indigenous | D58: =D44*$L44/100000 -> 0 | E58: =E44*$L44/100000 -> 0 | F58: =F44*$L44/100000 -> 0 | G58: =G44*$L44/100000 -> 4.5 | H58: =H44*$L44/100000 -> 13.45 | I58: =I44*$L44/100000 -> 28.9 | J58: =J44*$L44/100000 -> 44.5 | K58: =K44*$L44/100000 -> 56.633333
C59: Sub-Total (NDSP) | D59: =SUM(D52:D58) -> 0 | E59: =SUM(E52:E58) -> 7.2 | F59: =SUM(F52:F58) -> 59.284 | G59: =SUM(G52:G58) -> 142.92966 | H59: =SUM(H52:H58) -> 210.27037 | I59: =SUM(I52:I58) -> 308.63953 | J59: =SUM(J52:J58) -> 365.28928 | K59: =SUM(K52:K58) -> 477.86668

Sheet NDP Bull reqts.
A2: Breed wise Semen production, bull requirements and bull production Summary
B4: 2008-09 | C4: 2009-10 | D4: 2010-11 | E4: 2011-12 | F4: 2012-13 | G4: 2013-14 | H4: 2014-15 | I4: 2015-16 | J4: 2016-17
A5: Semen Doses to be produced (lakhs)1
A6: Indigenous | B6: 40.96401 | C6: 44.864434 | D6: 48.917192 | E6: 57.546238 | F6: 66.886125 | G6: 78.078151 | H6: 86.628166 | I6: 95.478664 | J6: 107.3714
A7: Exotic | B7: 132.26634 | C7: 144.60735 | D7: 157.92572 | E7: 177.75591 | F7: 205.75113 | G7: 235.7519 | H7: 260.69198 | I7: 287.59544 | J7: 316.60434
A8: Crossbred | B8: 122.53217 | C8: 127.19908 | D8: 136.25881 | E8: 155.09016 | F8: 177.19301 | G8: 201.47098 | H8: 218.53675 | I8: 238.1189 | J8: 260.37011
A9: Buffaloes | B9: 117.40943 | C9: 124.16219 | D9: 135.76745 | E9: 166.72012 | F9: 200.99649 | G9: 238.02535 | H9: 264.16749 | I9: 289.86265 | J9: 320.39662
A10: Total (29 Stations) | B10: =SUM(B6:B9) -> 413.17195 | C10: =SUM(C6:C9) -> 440.83305 | D10: =SUM(D6:D9) -> 478.86917 | E10: =SUM(E6:E9) -> 557.11243 | F10: =SUM(F6:F9) -> 650.82674 | G10: =SUM(G6:G9) -> 753.32638 | H10: =SUM(H6:H9) -> 830.02439 | I10: =SUM(I6:I9) -> 911.05565 | J10: =SUM(J6:J9) -> 1004.7425
A12: Bulls required for Semen Collection (Nos.)2
A13: Indigenous | C13: 224.32217 | D13: 244.58596 | E13: 287.73119 | F13: 334.43062 | G13: 390.39075 | H13: 433.14083 | I13: 477.39332 | J13: 536.857
A14: Exotic | C14: 413.16386 | D14: 451.21634 | E14: 507.87403 | F14: 587.86036 | G14: 673.57687 | H14: 744.83424 | I14: 821.70127 | J14: 904.58384
A15: Crossbred | C15: 423.99693 | D15: 454.19603 | E15: 516.96719 | F15: 590.64335 | G15: 671.56992 | H15: 728.45584 | I15: 793.72967 | J15: 867.90037
A16: Buffaloes | C16: 496.64875 | D16: 543.06981 | E16: 666.8805 | F16: 803.98595 | G16: 952.10138 | H16: 1056.6699 | I16: 1159.4506 | J16: 1281.5865
A17: Total | C17: =SUM(C13:C16) -> 1558.1317 | D17: =SUM(D13:D16) -> 1693.0681 | E17: =SUM(E13:E16) -> 1979.4529 | F17: =SUM(F13:F16) -> 2316.9203 | G17: =SUM(G13:G16) -> 2687.6389 | H17: =SUM(H13:H16) -> 2963.1009 | I17: =SUM(I13:I16) -> 3252.2748 | J17: =SUM(J13:J16) -> 3590.9277
A19: Bulls required for replacement (Nos.)3
A20: Indigenous | C20: 67.296652 | D20: 73.375788 | E20: 86.319357 | F20: 100.32919 | G20: 117.11723 | H20: 129.94225 | I20: 143.218 | J20: 161.0571
A21: Exotic | C21: 123.94916 | D21: 135.3649 | E21: 152.36221 | F21: 176.35811 | G21: 202.07306 | H21: 223.45027 | I21: 246.51038 | J21: 271.37515
A22: Crossbred | C22: 127.19908 | D22: 136.25881 | E22: 155.09016 | F22: 177.19301 | G22: 201.47098 | H22: 218.53675 | I22: 238.1189 | J22: 260.37011
A23: Buffaloes | C23: 148.99462 | D23: 162.92094 | E23: 200.06415 | F23: 241.19578 | G23: 285.63042 | H23: 317.00098 | I23: 347.83517 | J23: 384.47594
A24: Total | C24: =SUM(C20:C23) -> 467.43951 | D24: =SUM(D20:D23) -> 507.92044 | E24: =SUM(E20:E23) -> 593.83587 | F24: =SUM(F20:F23) -> 695.07608 | G24: =SUM(G20:G23) -> 806.29168 | H24: =SUM(H20:H23) -> 888.93026 | I24: =SUM(I20:I23) -> 975.68245 | J24: =SUM(J20:J23) -> 1077.2783
A26: Bulls produced from NDDB bull production programmes4
B27: Programme
A28: Indigenous | B28: Indig. Breed Dvlpmt | C28: 0 | D28: 0 | E28: 0 | F28: 33.75 | G28: 61.875 | H28: 74.25 | I28: 74.25 | J28: 71.08125
A29: Exotic | B29: PT | C29: 0 | D29: 0 | E29: 12.24 | F29: 53.256 | G29: 69.272 | H29: 85.288 | I29: 107.1504 | J29: 116.3984
A30: Exotic | B30: Imports | C30: 0 | D30: 0 | E30: 100 | F30: 100 | G30: 0 | H30: 100 | I30: 0 | J30: 100
A31: Crossbred | B31: PT | C31: 0 | D31: 14 | E31: 14 | F31: 34.0872 | G31: 53.84568 | H31: 71.628312 | I31: 100.33348 | J31: 137.78701
A32: Buffaloes | B32: PT | C32: 0 | D32: 12 | E32: 34.4 | F32: 66.9996 | G32: 112.99924 | H32: 154.92812 | I32: 193.1933 | J32: 220.33049
A33: Total (NDDB) | C33: =SUM(C28:C32) -> 0 | D33: =SUM(D28:D32) -> 26 | E33: =SUM(E28:E32) -> 160.64 | F33: =SUM(F28:F32) -> 288.0928 | G33: =SUM(G28:G32) -> 297.99192 | H33: =SUM(H28:H32) -> 486.09443 | I33: =SUM(I28:I32) -> 474.92719 | J33: =SUM(J28:J32) -> 645.59716
A34: Other Agencies
A35: Crossbred | B35: APLDA/ KLDB/ BAIF | C35: 0 | D35: 45 | E35: 60 | F35: 75 | G35: 90 | H35: 105 | I35: 120 | J35: 120
A36: Buffaloes | B36: HLDB/ PLDB | C36: 0 | D36: 30 | E36: 40 | F36: 50 | G36: 60 | H36: 70 | I36: 80 | J36: 80
A37: Grand Total | C37: =SUM(C35:C36)+C33 -> 0 | D37: =SUM(D35:D36)+D33 -> 101 | E37: =SUM(E35:E36)+E33 -> 260.64 | F37: =SUM(F35:F36)+F33 -> 413.0928 | G37: =SUM(G35:G36)+G33 -> 447.99192 | H37: =SUM(H35:H36)+H33 -> 661.09443 | I37: =SUM(I35:I36)+I33 -> 674.92719 | J37: =SUM(J35:J36)+J33 -> 845.59716
A38: % of Semen produced from Bulls from | B38: NDDB | C38: =C53 -> 0 | D38: =D53 -> 0.015035422 | E38: =E53 -> 0.10641299 | F38: =F53 -> 0.22532826 | G38: =G53 -> 0.29585234 | H38: =H53 -> 0.39236441 | I38: =I53 -> 0.41799634 | J38: =J53 -> 0.48176988
B39: Other Agencies | C39: =C56 -> 0 | D39: =D56 -> 0.043853314 | E39: =E56 -> 0.087953521 | F39: =F56 -> 0.12906661 | G39: =G56 -> 0.14867394 | H39: =H56 -> 0.16304742 | I39: =I56 -> 0.17415694 | J39: =J56 -> 0.17417398
B40: Total | C40: =C59 -> 0 | D40: =D59 -> 0.058888735 | E40: =E59 -> 0.19436651 | F40: =F59 -> 0.35439487 | G40: =G59 -> 0.44452628 | H40: =H59 -> 0.55541183 | I40: =I59 -> 0.59215329 | J40: =J59 -> 0.65594386
A41: Note
A42: 1 Station wise semen production in Annex 1
A43: 2 Station wise bulls required for semen collection in Annex 2
A44: 3 Station wise bulls required for replacement in Annex 3
A45: 4 Programme wise bulls produced from Bull Production programmes in Annex 4
C48: 2009-10 | D48: 2010-11 | E48: 2011-12 | F48: 2012-13 | G48: 2013-14 | H48: 2014-15 | I48: 2015-16 | J48: 2016-17
E50: 656.38136 | F50: =E50*(1+$L$50) -> 707.20215 | G50: =F50*(1+$L$50) -> 761.95778 | H50: =G50*(1+$L$50) -> 820.95289 | I50: =H50*(1+$L$50) -> 884.51575 | J50: 953 | L50: =(J50/E50)^(1/5)-1 -> 0.077425703
A52: Semen prodcued by Bulls (produced from NDDB programmes) | C52: 0 | D52: 7.2 | E52: 59.284 | F52: 146.64966 | G52: 222.87337 | H52: 325.67203 | I52: 380.81793 | J52: 484.05465
A53: % Semen (produced from NDDB programmes) | C53: =C52/C10 -> 0 | D53: =D52/D10 -> 0.015035422 | E53: =E52/E10 -> 0.10641299 | F53: =F52/F10 -> 0.22532826 | G53: =G52/G10 -> 0.29585234 | H53: =H52/H10 -> 0.39236441 | I53: =I52/I10 -> 0.41799634 | J53: =J52/J10 -> 0.48176988
A55: Semen prodcued by Bulls (produced by other Agencies) | C55: 0 | D55: 21 | E55: 49 | F55: 84 | G55: 112 | H55: 135.33333 | I55: 158.66667 | J55: 175
A56: % Semen (produced frm bulls of other Agenices) | C56: =C55/C10 -> 0 | D56: =D55/D10 -> 0.043853314 | E56: =E55/E10 -> 0.087953521 | F56: =F55/F10 -> 0.12906661 | G56: =G55/G10 -> 0.14867394 | H56: =H55/H10 -> 0.16304742 | I56: =I55/I10 -> 0.17415694 | J56: =J55/J10 -> 0.17417398
A58: Semen prodcued by Bulls (produced by NDDB & other Agencies) | C58: 0 | D58: 28.2 | E58: 108.284 | F58: 230.64966 | G58: 334.87337 | H58: 461.00536 | I58: 539.4846 | J58: 659.05465
A59: % Semen (produced frm bulls of NDDB and other Agenices) | C59: =C58/C10 -> 0 | D59: =D58/D10 -> 0.058888735 | E59: =E58/E10 -> 0.19436651 | F59: =F58/F10 -> 0.35439487 | G59: =G58/G10 -> 0.44452628 | H59: =H58/H10 -> 0.55541183 | I59: =I58/I10 -> 0.59215329 | J59: =J58/J10 -> 0.65594386

Sheet NDSP-SS,Non-NDSP bull,AI
B1: Unit | C1: 2011-12 | D1: 2012-13 | E1: 2013-14 | F1: 2014-15 | G1: 2015-16 | H1: 2016-17 | I1: 2017-18 | J1: 2018-19 | K1: 2019-20 | L1: 2020-21 | M1: 2021-22 | N1: 2022-23 | O1: 2023-24 | P1: 2024-25 | Q1: 2025-26 | R1: 2026-27 | S1: 2027-28 | T1: 2028-29 | U1: 2029-30 | V1: 2030-31 | W1: 2031-32 | X1: 2032-33 | Y1: 2033-34 | Z1: 2034-35 | AA1: 2035-36 | AB1: 2036-37 | AC1: 2037-38
A2: Highlights of NDPSS and Non-NDP bulls.
A3: 7200 AI centres would use semen doses from semen stations strengthened or established by NDSP
A4: All semen doses used by these 7200 AI centres would be from bulls produced by bull production programmes funded by NDSP
A5: AI delivery programme under NDSP would have a better conception rate and also the daughters born from such inseminations would be of higher genetic potential for milk production
A6: Increase in conception rate leads to a decrease in intercalving period and thus there is an increse in annual milk production.
A7: The project period has been assumed to be till 2036-37 for which benefits have been accounted, though NDSP would be funded in the first phase till 2016-17. The infrastructure created with respect to AI delivery, Semen stations and bull production would be available for a longer period of time.
A10: Assumptions | B10: Unit | C10: Indig. Cattle | D10: CB Cattle | E10: Buffaloes
A11: Avg. lactation yield | B11: litres | C11: =Assumptions!C3 -> 779.64 | D11: =Assumptions!D3 -> 2507.185 | E11: =Assumptions!E3 -> 1668.415
A12: Age at first calving | B12: years | C12: =Assumptions!C4 -> 4 | D12: =Assumptions!D4 -> 3 | E12: =Assumptions!E4 -> 4
A13: No. of lactations per animal | B13: Nos | C13: =Assumptions!C5 -> 5 | D13: =Assumptions!D5 -> 5 | E13: =Assumptions!E5 -> 5
A14: Anuual Increase in milk yield | B14: % | C14: =Assumptions!C6 -> 0.01 | D14: =Assumptions!D6 -> 0.01 | E14: =Assumptions!E6 -> 0.01
A15: Calving rate over pregnancy | C15: =Assumptions!C7 -> 0.9 | D15: =Assumptions!D7 -> 0.9 | E15: =Assumptions!E7 -> 0.9
A16: female calves alive rate | C16: =Assumptions!C8 -> 0.9 | D16: =Assumptions!D8 -> 0.9 | E16: =Assumptions!E8 -> 0.9
A17: Breed-wise Composition of AI done | B17: % | C17: =Assumptions!C9 -> 0.2 | D17: =Assumptions!D9 -> 0.5 | E17: =Assumptions!E9 -> 0.3
C19: Without NDSP | D19: With NDSP
A20: Conception rate | C20: =Assumptions!B17 -> 0.35 | D20: =Assumptions!C17 -> 0.37
A24: AI Nos. | B24: Lakhs | C24: ='Semen production'!G47+'Semen production'!G40-'NDSP Bull, SS & Non-NDSP AI'!C29 -> 376.56 | D24: ='Semen production'!H47+'Semen production'!H40-'NDSP Bull, SS & Non-NDSP AI'!D29 -> 491.95323 | E24: ='Semen production'!I47+'Semen production'!I40-'NDSP Bull, SS & Non-NDSP AI'!E29 -> 552.90777 | F24: ='Semen production'!J47+'Semen production'!J40-'NDSP Bull, SS & Non-NDSP AI'!F29 -> 495.57447 | G24: ='Semen production'!K47+'Semen production'!K40-'NDSP Bull, SS & Non-NDSP AI'!G29 -> 373.40243 | H24: ='Semen production'!L47+'Semen production'!L40-'NDSP Bull, SS & Non-NDSP AI'!H29 -> 272.14577 | I24: =H24 -> 272.14577 | J24: =I24 -> 272.14577 | K24: =J24 -> 272.14577 | L24: =K24 -> 272.14577 | M24: =L24 -> 272.14577 | N24: =M24 -> 272.14577 | O24: =N24 -> 272.14577 | P24: =O24 -> 272.14577 | ... AB24: =AA24 -> 272.14577
A25: AI Nos. | B25: Nos. | C25: =C24*100000 -> 37656000 | D25: =D24*100000 -> 49195323 | E25: =E24*100000 -> 55290777 | F25: =F24*100000 -> 49557447 | G25: =G24*100000 -> 37340243 | H25: =H24*100000 -> 27214577 | I25: =I24*100000 -> 27214577 | J25: =J24*100000 -> 27214577 | ... AB25: =AB24*100000 -> 27214577
C27: Without NDSP | D27: With NDSP | E27: Difference
A28: INDIGENOUS COWS
A29: AI Nos. | B29: Nos. | C29: =C25*$C$17 -> 7531200 | D29: =D25*$C$17 -> 9839064.6 | E29: =E25*$C$17 -> 11058155 | F29: =F25*$C$17 -> 9911489.4 | G29: =G25*$C$17 -> 7468048.6 | H29: =H25*$C$17 -> 5442915.4 | I29: =I25*$C$17 -> 5442915.4 | J29: =J25*$C$17 -> 5442915.4 | ... AB29: =AB25*$C$17 -> 5442915.4
A30: Inter-Calving period | C30: =280+60+((1/C20)-1)*22 -> 380.85714 | D30: =280+60+((1/D20)-1)*22 -> 377.45946 | E30: =C30-D30 -> 3.3976834
A32: Impact of Increase in Conception rate
A33: Avg, Milk produced per day | B33: litres | C33: =C11/305 -> 2.5561967
A34: Increase in milk production due to reduction in inter-calving period per animal | B34: litres | C34: =C33*E30 -> 8.6851472
A35: Animals calved successfully | B35: Nos | D35: =C29*$D$20*$C$15*365/$D$30 -> 2425107.3 | E35: =(D29*$D$20*$C$15*365/$D$30)+(C29*$D$20*$C$15*($D$30-365)/$D$30) -> 3251040.7 | F35: =(E29*$D$20*$C$15*365/$D$30)+(D29*$D$20*$C$15*($D$30-365)/$D$30) -> 3668965.6 | G35: =(F29*$D$20*$C$15*365/$D$30)+(E29*$D$20*$C$15*($D$30-365)/$D$30) -> 3313130 | H35: =(G29*$D$20*$C$15*365/$D$30)+(F29*$D$20*$C$15*($D$30-365)/$D$30) -> 2513718.3 | I35: =(H29*$D$20*$C$15*365/$D$30)+(G29*$D$20*$C$15*($D$30-365)/$D$30) -> 1834750.9 | J35: =(I29*$D$20*$C$15*365/$D$30)+(H29*$D$20*$C$15*($D$30-365)/$D$30) -> 1812490.8 | K35: =(J29*$D$20*$C$15*365/$D$30)+(I29*$D$20*$C$15*($D$30-365)/$D$30) -> 1812490.8 | L35: =(K29*$D$20*$C$15*365/$D$30)+(J29*$D$20*$C$15*($D$30-365)/$D$30) -> 1812490.8 | ... AB35: =(AA29*$D$20*$C$15*365/$D$30)+(Z29*$D$20*$C$15*($D$30-365)/$D$30) -> 1812490.8
A36: Increase in milk production due to reduction in inter-calving period | B36: '000 Tonnes | D36: =D35*$C$34*1.03/1000/1000 -> 21.694287 | E36: =E35*$C$34*1.03/1000/1000 -> 29.08284 | F36: =F35*$C$34*1.03/1000/1000 -> 32.821471 | G36: =G35*$C$34*1.03/1000/1000 -> 29.638272 | H36: =H35*$C$34*1.03/1000/1000 -> 22.486973 | I36: =I35*$C$34*1.03/1000/1000 -> 16.413134 | J36: =J35*$C$34*1.03/1000/1000 -> 16.214002 | K36: =K35*$C$34*1.03/1000/1000 -> 16.214002 | ... AB36: =AB35*$C$34*1.03/1000/1000 -> 16.214002
A39: CROSSBRED COWS
A40: AI Nos. | B40: Nos. | C40: =C25*$D$17 -> 18828000 | D40: =D25*$D$17 -> 24597662 | E40: =E25*$D$17 -> 27645388 | F40: =F25*$D$17 -> 24778724 | G40: =G25*$D$17 -> 18670121 | H40: =H25*$D$17 -> 13607289 | I40: =I25*$D$17 -> 13607289 | J40: =J25*$D$17 -> 13607289 | ... AB40: =AB25*$D$17 -> 13607289
A41: Inter-Calving period | C41: =280+60+((1/C20)-1)*22 -> 380.85714 | D41: =280+60+((1/D20)-1)*22 -> 377.45946 | E41: =C41-D41 -> 3.3976834
A43: Impact of Increase in Conception rate
A44: Avg, Milk produced per day | B44: litres | C44: =D11/305 -> 8.2202787
A45: Increase in milk production due to reduction in inter-calving period per animal | B45: litres | C45: =C44*E41 -> 27.929904
A46: Animals calved successfully | B46: Nos | D46: =C40*$D$20*$D$15*365/$D$41 -> 6062768.3 | E46: =(D40*$D$20*$D$15*(365/$D$41))+(C40*$D$20*$D$15*($D$41-365)/$D$41) -> 8127601.7 | F46: =(E40*$D$20*$D$15*(365/$D$41))+(D40*$D$20*$D$15*($D$41-365)/$D$41) -> 9172414 | G46: =(F40*$D$20*$D$15*(365/$D$41))+(E40*$D$20*$D$15*($D$41-365)/$D$41) -> 8282825.1 | H46: =(G40*$D$20*$D$15*(365/$D$41))+(F40*$D$20*$D$15*($D$41-365)/$D$41) -> 6284295.6 | I46: =(H40*$D$20*$D$15*(365/$D$41))+(G40*$D$20*$D$15*($D$41-365)/$D$41) -> 4586877.3 | J46: =(I40*$D$20*$D$15*(365/$D$41))+(H40*$D$20*$D$15*($D$41-365)/$D$41) -> 4531227.1 | K46: =(J40*$D$20*$D$15*(365/$D$41))+(I40*$D$20*$D$15*($D$41-365)/$D$41) -> 4531227.1 | L46: =(K40*$D$20*$D$15*(365/$D$41))+(J40*$D$20*$D$15*($D$41-365)/$D$41) -> 4531227.1 | ... AB46: =(AA40*$D$20*$D$15*(365/$D$41))+(Z40*$D$20*$D$15*($D$41-365)/$D$41) -> 4531227.1
A47: Increase in milk production due to reduction in inter-calving period | B47: '000 Tonnes | D47: =D46*$C$45*1.03/1000/1000 -> 174.41252 | E47: =E46*$C$45*1.03/1000/1000 -> 233.81323 | F47: =F46*$C$45*1.03/1000/1000 -> 263.87019 | G47: =G46*$C$45*1.03/1000/1000 -> 238.27867 | H47: =H46*$C$45*1.03/1000/1000 -> 180.78537 | I47: =I46*$C$45*1.03/1000/1000 -> 131.95438 | J47: =J46*$C$45*1.03/1000/1000 -> 130.35344 | K47: =K46*$C$45*1.03/1000/1000 -> 130.35344 | ... AB47: =AB46*$C$45*1.03/1000/1000 -> 130.35344
A51: BUFFALOES
A52: AI Nos. | B52: Nos. | C52: =C25*$E$17 -> 11296800 | D52: =D25*$E$17 -> 14758597 | E52: =E25*$E$17 -> 16587233 | F52: =F25*$E$17 -> 14867234 | G52: =G25*$E$17 -> 11202073 | H52: =H25*$E$17 -> 8164373.1 | I52: =I25*$E$17 -> 8164373.1 | J52: =J25*$E$17 -> 8164373.1 | ... AB52: =AB25*$E$17 -> 8164373.1
A53: Inter-Calving period | C53: =310+60+((1/C20)-1)*22 -> 410.85714 | D53: =310+60+((1/D20)-1)*22 -> 407.45946 | E53: =C53-D53 -> 3.3976834
A55: Impact of Increase in Conception rate
A56: Avg, Milk produced per day | B56: litres | C56: =E11/305 -> 5.4702131
A57: Increase in milk production due to reduction in inter-calving period per animal | B57: litres | C57: =C56*E53 -> 18.586052
A58: Animals calved successfully | B58: Nos | D58: =C52*$D$20*$E$15*365/$D$53 -> 3369831.1 | E58: =((D52*$D$20*$E$15*(365/$D$53))+(C52*$D$20*$E$15*($D$53-365)/$D$53)) -> 4794487.1 | F58: =((E52*$D$20*$E$15*(365/$D$53))+(D52*$D$20*$E$15*($D$53-365)/$D$53)) -> 5460094.2 | G58: =((F52*$D$20*$E$15*(365/$D$53))+(E52*$D$20*$E$15*($D$53-365)/$D$53)) -> 5010473.6 | H58: =((G52*$D$20*$E$15*(365/$D$53))+(F52*$D$20*$E$15*($D$53-365)/$D$53)) -> 3857472.8 | I58: =((H52*$D$20*$E$15*(365/$D$53))+(G52*$D$20*$E$15*($D$53-365)/$D$53)) -> 2824145.6 | J58: =((I52*$D$20*$E$15*(365/$D$53))+(H52*$D$20*$E$15*($D$53-365)/$D$53)) -> 2718736.2 | K58: =((J52*$D$20*$E$15*(365/$D$53))+(I52*$D$20*$E$15*($D$53-365)/$D$53)) -> 2718736.2 | L58: =((K52*$D$20*$E$15*(365/$D$53))+(J52*$D$20*$E$15*($D$53-365)/$D$53)) -> 2718736.2 | ... AB58: =((AA52*$D$20*$E$15*(365/$D$53))+(Z52*$D$20*$E$15*($D$53-365)/$D$53)) -> 2718736.2
A59: Increase in milk production due to reduction in inter-calving period | B59: '000 Tonnes | D59: =D58*$C$57*1.03/1000/1000 -> 64.510813 | E59: =E58*$C$57*1.03/1000/1000 -> 91.783906 | F59: =F58*$C$57*1.03/1000/1000 -> 104.52604 | G59: =G58*$C$57*1.03/1000/1000 -> 95.918672 | H59: =H58*$C$57*1.03/1000/1000 -> 73.846046 | I59: =I58*$C$57*1.03/1000/1000 -> 54.064409 | J59: =J58*$C$57*1.03/1000/1000 -> 52.046491 | K59: =K58*$C$57*1.03/1000/1000 -> 52.046491 | ... AB59: =AB58*$C$57*1.03/1000/1000 -> 52.046491
A63: Benefits due to NDPSS-Non-NDP bulls
A64: Reduction in Inter-calving period | B64: '000 Tonnes | C64: =C36+C47+C59 -> 0 | D64: =D36+D47+D59 -> 260.61762 | E64: =E36+E47+E59 -> 354.67998 | F64: =F36+F47+F59 -> 401.2177 | G64: =G36+G47+G59 -> 363.83561 | H64: =H36+H47+H59 -> 277.11839 | I64: =I36+I47+I59 -> 202.43192 | J64: =J36+J47+J59 -> 198.61393 | ... AB64: =AB36+AB47+AB59 -> 198.61393
A65: Total | B65: '000 Tonnes | C65: =SUM(C64:C64) -> 0 | D65: =SUM(D64:D64) -> 260.61762 | E65: =SUM(E64:E64) -> 354.67998 | F65: =SUM(F64:F64) -> 401.2177 | G65: =SUM(G64:G64) -> 363.83561 | H65: =SUM(H64:H64) -> 277.11839 | I65: =SUM(I64:I64) -> 202.43192 | J65: =SUM(J64:J64) -> 198.61393 | ... AB65: =SUM(AB64:AB64) -> 198.61393

Sheet Bull no. & Semen Production
A1: Programme wise Bulls produced from planned Bull Production Programmes
D2: 2010-11 | E2: 2011-12 | F2: 2012-13 | G2: 2013-14 | H2: 2014-15 | I2: 2015-16 | J2: 2016-17
A3: Sr No | B3: PT Project | C3: Breed | D3: 09-10 | E3: 10-11 | F3: 11-12 | G3: 12-13 | H3: 13-14 | I3: 14-15 | J3: 15-16
A4: 1 | B4: KMF PT | C4: Exotic HF | D4: 0 | E4: =12*0.3/0.5 -> 7.2 | F4: =23*0.4/0.5 -> 18.4 | G4: 34 | H4: 45 | I4: 62 | J4: 66
A5: 2 | B5: SAG PT | C5: CB HF | D5: 0 | E5: =14*0.3/0.5 -> 8.4 | F5: =22*0.4/0.5 -> 17.6 | G5: 30 | H5: 37 | I5: 55 | J5: 71
A6: 3 | B6: SAG PT | C6: Murrah | D6: 0 | E6: =14*0.3/0.5 -> 8.4 | F6: =22*0.4/0.5 -> 17.6 | G6: 29 | H6: 36 | I6: 42 | J6: 55
A7: 4 | B7: Banas Union PT | C7: Mehsana | D7: 0 | E7: =6*0.3/0.5 -> 3.6 | F7: =11*0.4/0.5 -> 8.8 | G7: 16 | H7: 21 | I7: 25 | J7: 24
A8: 5 | B8: Mehsana Union PT | C8: Mehsana | D8: 0 | E8: =6*0.3/0.5 -> 3.6 | F8: =12*0.4/0.5 -> 9.6 | G8: 17 | H8: 22 | I8: 26 | J8: 25
A9: 6 | B9: UP Meerut PT | C9: Murrah | D9: 0 | E9: 0 | F9: =8*0.4/0.5 -> 6.4 | G9: 16 | H9: 23 | I9: 29 | J9: 34
A10: 7 | B10: Haryana PT | C10: Murrah | E10: 0 | F10: 0 | G10: 0 | H10: 6 | I10: 11 | J10: 16
A11: 8 | B11: TCMPF PT | C11: CB Jersey | E11: 0 | F11: 0 | G11: 12 | H11: 24 | I11: 35 | J11: 45
A12: 9 | B12: Punjab PT | C12: Murrah | F12: 0 | G12: 0 | H12: 0 | I12: 17 | J12: 32
A13: 10 | B13: KLDB | C13: Sunandini (CB) | E13: 0 | F13: =21.4032*0.4/0.5 -> 17.12256 | G13: 27.66288 | H13: 37.597392 | I13: 42.583733 | J13: 50.56416
A14: 11 | B14: APLDA | C14: CB Jersey | F14: 0 | G14: 0 | H14: 12 | I14: 24 | J14: 35
A15: 12 | B15: Haryana Govt. | C15: Murrah | F15: 0 | G15: 0 | H15: 16.66 | I15: 31.654 | J15: 45.1486
A16: 13 | B16: Punjab Govt, | C16: Murrah | F16: 0 | G16: 0 | H16: 16.66 | I16: 31.654 | J16: 45.1486
A17: 14 | B17: TNLDA | C17: CB Jersey | F17: 0 | G17: 12 | H17: 24 | I17: 35 | J17: 45
A18: 15 | B18: BAIF | C18: CB HF | F18: 0 | G18: 12 | H18: 24 | I18: 35 | J18: 45
A19: 16 | B19: UKLDA | C19: CB HF | G19: 0 | H19: 0 | I19: =G18 -> 12 | J19: =H18 -> 24 | K19: =SUM(J4:J19) -> 657.86136
A20: 17 | B20: Bikaner | C20: Rathi | E20: 0 | F20: =11*0.4/0.5 -> 8.8 | G20: 17 | H20: 19 | I20: 20 | J20: 20
A21: 18 | B21: Kutch, Gujarat/Raj. | C21: Tharparkar | E21: 0 | F21: 0 | G21: 11 | H21: 17 | I21: 19 | J21: 20
A22: 19 | B22: Banas Union | C22: Kankrej | E22: 0 | F22: =11*0.4/0.5 -> 8.8 | G22: 17 | H22: 19 | I22: 20 | J22: 20
A23: 20 | B23: Saurashtra, Gujarat | C23: Gir | G23: 0 | H23: 11 | I23: 17 | J23: 19
A24: 21 | B24: Saurashtra, Gujarat | C24: Jaffarabadi | G24: 0 | H24: 11 | I24: 17 | J24: 19
A25: 22 | B25: Haryana | C25: Hariana | H25: 11 | I25: 17 | J25: 19
A26: 23 | B26: Maharashtra | C26: Pandharpuri | H26: 11 | I26: 17 | J26: 19
A27: 24 | B27: Punjab | C27: Sahiwal | H27: 11 | I27: 17 | J27: 19
A28: 25 | B28: Punjab | C28: NiliRavi | I28: =H27 -> 11 | J28: =I27 -> 17 | K28: =SUM(J20:J28) -> 172
A29: 26 | B29: HF Calf rearing station, Jallandhar | C29: Exotic HF | E29: 0 | F29: 0 | G29: 15.912 | H29: 30.2328 | I29: 44.5536 | J29: 58.8744 | K29: =J29 -> 58.8744
A30: 27 | B30: Imports | C30: Exotic HF | F30: 50 | G30: 0 | H30: 0 | I30: 0 | J30: 50
A31: 28 | B31: Imports | C31: Exotic Jersey | F31: 100 | G31: 100 | H31: 50 | I31: 50 | K31: =J30+J31 -> 50
B32: Total | D32: =SUM(D4:D31) -> 0 | E32: =SUM(E4:E31) -> 31.2 | F32: =SUM(F4:F31) -> 263.12256 | G32: =SUM(G4:G31) -> 366.57488 | H32: =SUM(H4:H31) -> 535.15019 | I32: =SUM(I4:I31) -> 763.44533 | J32: =SUM(J4:J31) -> 938.73576 | K32: =SUM(K18:K31) -> 938.73576
B34: Breed-wise Bulls produced
B35: Breeds | C35: 2010-11 | D35: 2011-12 | E35: 2012-13 | F35: 2013-14 | G35: 2014-15 | H35: 2015-16 | I35: 2016-17
B36: Exotic HF | C36: =SUMIF($C$4:$C$31,$B36,D$4:D$31) -> 0 | D36: =SUMIF($C$4:$C$31,$B36,E$4:E$31) -> 7.2 | E36: =SUMIF($C$4:$C$31,$B36,F$4:F$31) -> 68.4 | F36: =SUMIF($C$4:$C$31,$B36,G$4:G$31) -> 49.912 | G36: =SUMIF($C$4:$C$31,$B36,H$4:H$31) -> 75.2328 | H36: =SUMIF($C$4:$C$31,$B36,I$4:I$31) -> 106.5536 | I36: =SUMIF($C$4:$C$31,$B36,J$4:J$31) -> 174.8744
B37: Exotic Jersey | C37: =SUMIF($C$4:$C$31,$B37,D$4:D$31) -> 0 | D37: =SUMIF($C$4:$C$31,$B37,E$4:E$31) -> 0 | E37: =SUMIF($C$4:$C$31,$B37,F$4:F$31) -> 100 | F37: =SUMIF($C$4:$C$31,$B37,G$4:G$31) -> 100 | G37: =SUMIF($C$4:$C$31,$B37,H$4:H$31) -> 50 | H37: =SUMIF($C$4:$C$31,$B37,I$4:I$31) -> 50 | I37: =SUMIF($C$4:$C$31,$B37,J$4:J$31) -> 0
B38: CB HF | C38: =SUMIF($C$4:$C$31,$B38,D$4:D$31) -> 0 | D38: =SUMIF($C$4:$C$31,$B38,E$4:E$31) -> 8.4 | E38: =SUMIF($C$4:$C$31,$B38,F$4:F$31) -> 17.6 | F38: =SUMIF($C$4:$C$31,$B38,G$4:G$31) -> 42 | G38: =SUMIF($C$4:$C$31,$B38,H$4:H$31) -> 61 | H38: =SUMIF($C$4:$C$31,$B38,I$4:I$31) -> 102 | I38: =SUMIF($C$4:$C$31,$B38,J$4:J$31) -> 140
B39: CB Jersey | C39: =SUMIF($C$4:$C$31,$B39,D$4:D$31) -> 0 | D39: =SUMIF($C$4:$C$31,$B39,E$4:E$31) -> 0 | E39: =SUMIF($C$4:$C$31,$B39,F$4:F$31) -> 0 | F39: =SUMIF($C$4:$C$31,$B39,G$4:G$31) -> 24 | G39: =SUMIF($C$4:$C$31,$B39,H$4:H$31) -> 60 | H39: =SUMIF($C$4:$C$31,$B39,I$4:I$31) -> 94 | I39: =SUMIF($C$4:$C$31,$B39,J$4:J$31) -> 125
B40: Sunandini (CB) | C40: =SUMIF($C$4:$C$31,$B40,D$4:D$31) -> 0 | D40: =SUMIF($C$4:$C$31,$B40,E$4:E$31) -> 0 | E40: =SUMIF($C$4:$C$31,$B40,F$4:F$31) -> 17.12256 | F40: =SUMIF($C$4:$C$31,$B40,G$4:G$31) -> 27.66288 | G40: =SUMIF($C$4:$C$31,$B40,H$4:H$31) -> 37.597392 | H40: =SUMIF($C$4:$C$31,$B40,I$4:I$31) -> 42.583733 | I40: =SUMIF($C$4:$C$31,$B40,J$4:J$31) -> 50.56416
B41: Murrah | C41: =SUMIF($C$4:$C$31,$B41,D$4:D$31) -> 0 | D41: =SUMIF($C$4:$C$31,$B41,E$4:E$31) -> 8.4 | E41: =SUMIF($C$4:$C$31,$B41,F$4:F$31) -> 24 | F41: =SUMIF($C$4:$C$31,$B41,G$4:G$31) -> 45 | G41: =SUMIF($C$4:$C$31,$B41,H$4:H$31) -> 98.32 | H41: =SUMIF($C$4:$C$31,$B41,I$4:I$31) -> 162.308 | I41: =SUMIF($C$4:$C$31,$B41,J$4:J$31) -> 227.2972
B42: Mehsana | C42: =SUMIF($C$4:$C$31,$B42,D$4:D$31) -> 0 | D42: =SUMIF($C$4:$C$31,$B42,E$4:E$31) -> 7.2 | E42: =SUMIF($C$4:$C$31,$B42,F$4:F$31) -> 18.4 | F42: =SUMIF($C$4:$C$31,$B42,G$4:G$31) -> 33 | G42: =SUMIF($C$4:$C$31,$B42,H$4:H$31) -> 43 | H42: =SUMIF($C$4:$C$31,$B42,I$4:I$31) -> 51 | I42: =SUMIF($C$4:$C$31,$B42,J$4:J$31) -> 49
B43: Indigenous | C43: =SUM(D20:D28) -> 0 | D43: =SUM(E20:E28) -> 0 | E43: =SUM(F20:F28) -> 17.6 | F43: =SUM(G20:G28) -> 45 | G43: =SUM(H20:H28) -> 110 | H43: =SUM(I20:I28) -> 155 | I43: =SUM(J20:J28) -> 172
B44: Total | C44: =SUM(C36:C43) -> 0 | D44: =SUM(D36:D43) -> 31.2 | E44: =SUM(E36:E43) -> 263.12256 | F44: =SUM(F36:F43) -> 366.57488 | G44: =SUM(G36:G43) -> 535.15019 | H44: =SUM(H36:H43) -> 763.44533 | I44: =SUM(I36:I43) -> 938.73576
B47: Breed-wise Bulls under collection (produced from Bull production Programmes)
B48: Breeds | C48: 2010-11 | D48: 2011-12 | E48: 2012-13 | F48: 2013-14 | G48: 2014-15 | H48: 2015-16 | I48: 2016-17 | J48: Semen/ bull
B49: Exotic HF | C49: =C36 -> 0 | D49: =SUM($C36:D36) -> 7.2 | E49: =SUM($C36:E36) -> 75.6 | F49: =SUM($C36:F36) -> 125.512 | G49: =SUM($D36:G36) -> 200.7448 | H49: =SUM(E36:H36) -> 300.0984 | I49: =SUM(F36:I36) -> 406.5728 | J49: 35000
B50: Exotic Jersey | C50: =C37 -> 0 | D50: =SUM($C37:D37) -> 0 | E50: =SUM($C37:E37) -> 100 | F50: =SUM($C37:F37) -> 200 | G50: =SUM($D37:G37) -> 250 | H50: =SUM(E37:H37) -> 300 | I50: =SUM(F37:I37) -> 200 | J50: 35000
B51: CB HF | C51: =C38 -> 0 | D51: =SUM($C38:D38) -> 8.4 | E51: =SUM($C38:E38) -> 26 | F51: =SUM($C38:F38) -> 68 | G51: =SUM($D38:G38) -> 129 | H51: =SUM(E38:H38) -> 222.6 | I51: =SUM(F38:I38) -> 345 | J51: 30000
B52: CB Jersey | C52: =C39 -> 0 | D52: =SUM($C39:D39) -> 0 | E52: =SUM($C39:E39) -> 0 | F52: =SUM($C39:F39) -> 24 | G52: =SUM($D39:G39) -> 84 | H52: =SUM(E39:H39) -> 178 | I52: =SUM(F39:I39) -> 303 | J52: 30000
B53: Sunandini (CB) | C53: =C40 -> 0 | D53: =SUM($C40:D40) -> 0 | E53: =SUM($C40:E40) -> 17.12256 | F53: =SUM($C40:F40) -> 44.78544 | G53: =SUM($D40:G40) -> 82.382832 | H53: =SUM(E40:H40) -> 124.96656 | I53: =SUM(F40:I40) -> 158.40816 | J53: 30000
B54: Murrah | C54: =C41 -> 0 | D54: =SUM($C41:D41) -> 8.4 | E54: =SUM($C41:E41) -> 32.4 | F54: =SUM($C41:F41) -> 77.4 | G54: =SUM($D41:G41) -> 175.72 | H54: =SUM(E41:H41) -> 329.628 | I54: =SUM(F41:I41) -> 532.9252 | J54: 25000
B55: Mehsana | C55: =C42 -> 0 | D55: =SUM($C42:D42) -> 7.2 | E55: =SUM($C42:E42) -> 25.6 | F55: =SUM($C42:F42) -> 58.6 | G55: =SUM($D42:G42) -> 101.6 | H55: =SUM(E42:H42) -> 145.4 | I55: =SUM(F42:I42) -> 176 | J55: 25000
B56: Indigenous | C56: =C43 -> 0 | D56: =SUM($C43:D43) -> 0 | E56: =SUM($C43:E43) -> 17.6 | F56: =SUM($C43:F43) -> 62.6 | G56: =SUM($D43:G43) -> 172.6 | H56: =SUM(E43:H43) -> 327.6 | I56: =SUM(F43:I43) -> 482 | J56: 20000
B57: Total | C57: =SUM(C49:C56) -> 0 | D57: =SUM(D49:D56) -> 31.2 | E57: =SUM(E49:E56) -> 294.32256 | F57: =SUM(F49:F56) -> 660.89744 | G57: =SUM(G49:G56) -> 1196.0476 | H57: =SUM(H49:H56) -> 1928.293 | I57: =SUM(I49:I56) -> 2603.9062
B60: Breed-wise Semen produced by Bulls (produced from Bull production Programmes)
B61: Breeds | C61: 2010-11 | D61: 2011-12 | E61: 2012-13 | F61: 2013-14 | G61: 2014-15 | H61: 2015-16 | I61: 2016-17
B62: Exotic HF | C62: =C49*$J$49/100000 -> 0 | D62: =D49*$J$49/100000 -> 2.52 | E62: =E49*$J$49/100000 -> 26.46 | F62: =F49*$J$49/100000 -> 43.9292 | G62: =G49*$J$49/100000 -> 70.26068 | H62: =H49*$J$49/100000 -> 105.03444 | I62: =I49*$J$49/100000 -> 142.30048
B63: Exotic Jersey | C63: =C50*$J$49/100000 -> 0 | D63: =D50*$J$49/100000 -> 0 | E63: =E50*$J$49/100000 -> 35 | F63: =F50*$J$49/100000 -> 70 | G63: =G50*$J$49/100000 -> 87.5 | H63: =H50*$J$49/100000 -> 105 | I63: =I50*$J$49/100000 -> 70
B64: CB HF | C64: =C51*$J$51/100000 -> 0 | D64: =D51*$J$51/100000 -> 2.52 | E64: =E51*$J$51/100000 -> 7.8 | F64: =F51*$J$51/100000 -> 20.4 | G64: =G51*$J$51/100000 -> 38.7 | H64: =H51*$J$51/100000 -> 66.78 | I64: =I51*$J$51/100000 -> 103.5
B65: CB Jersey | C65: =C52*$J$51/100000 -> 0 | D65: =D52*$J$51/100000 -> 0 | E65: =E52*$J$51/100000 -> 0 | F65: =F52*$J$51/100000 -> 7.2 | G65: =G52*$J$51/100000 -> 25.2 | H65: =H52*$J$51/100000 -> 53.4 | I65: =I52*$J$51/100000 -> 90.9
B66: Sunandini (CB) | C66: =C53*$J$51/100000 -> 0 | D66: =D53*$J$51/100000 -> 0 | E66: =E53*$J$51/100000 -> 5.136768 | F66: =F53*$J$51/100000 -> 13.435632 | G66: =G53*$J$51/100000 -> 24.71485 | H66: =H53*$J$51/100000 -> 37.489969 | I66: =I53*$J$51/100000 -> 47.522449
B67: Murrah | C67: =C54*$J$54/100000 -> 0 | D67: =D54*$J$54/100000 -> 2.1 | E67: =E54*$J$54/100000 -> 8.1 | F67: =F54*$J$54/100000 -> 19.35 | G67: =G54*$J$54/100000 -> 43.93 | H67: =H54*$J$54/100000 -> 82.407 | I67: =I54*$J$54/100000 -> 133.2313
B68: Mehsana | C68: =C55*$J$54/100000 -> 0 | D68: =D55*$J$54/100000 -> 1.8 | E68: =E55*$J$54/100000 -> 6.4 | F68: =F55*$J$54/100000 -> 14.65 | G68: =G55*$J$54/100000 -> 25.4 | H68: =H55*$J$54/100000 -> 36.35 | I68: =I55*$J$54/100000 -> 44
B69: Indigenous | C69: =C56*$J$56/100000 -> 0 | D69: =D56*$J$56/100000 -> 0 | E69: =E56*$J$56/100000 -> 3.52 | F69: =F56*$J$56/100000 -> 12.52 | G69: =G56*$J$56/100000 -> 34.52 | H69: =H56*$J$56/100000 -> 65.52 | I69: =I56*$J$56/100000 -> 96.4
B70: Total | C70: =SUM(C62:C69) -> 0 | D70: =SUM(D62:D69) -> 8.94 | E70: =SUM(E62:E69) -> 92.416768 | F70: =SUM(F62:F69) -> 201.48483 | G70: =SUM(G62:G69) -> 350.22553 | H70: =SUM(H62:H69) -> 551.98141 | I70: =SUM(I62:I69) -> 727.85423

Sheet Semen production
A1: Strengthening of semen Station-Semen Station wise Frozen Semen production (lakh doses)
A2: Category | B2: SNO | D2: Semen Station | E2: 2009-10 | F2: 2010-11 | G2: 2011-12 | H2: 2012-13 | I2: 2013-14 | J2: 2014-15 | K2: 2015-16 | L2: 2016-17
A3: NDDB | B3: 1 | D3: ABC Salon | E3: 33.82 | F3: 38 | G3: 50 | H3: 60 | I3: 70 | J3: 81 | K3: 90.5 | L3: 100
B4: 2 | D4: SAG, Bidaj | E4: 73.72 | F4: 80 | G4: 85 | H4: 92 | I4: 100 | J4: 107 | K4: 113 | L4: 120
B5: 3 | D5: Rohtak | E5: 0.7 | F5: 1.2066667 | G5: 7.965 | H5: 12.87 | I5: 16.635 | J5: 19.8 | K5: 19.9 | L5: 20
A6: Coop | B6: 4 | D6: Bassi | E6: 24.01 | F6: 26 | G6: 28 | H6: 30 | I6: 32 | J6: 35 | K6: 38 | L6: 40
B7: 5 | D7: Bhatian | E7: 5.96 | F7: 6 | G7: 6.5 | H7: 7 | I7: 7.5 | J7: 8.5 | K7: 9.5 | L7: 10
B8: 6 | D8: Amul | E8: 19.39 | F8: 20 | G8: 21 | H8: 23 | I8: 25 | J8: 27 | K8: 29 | L8: 30
B9: 7 | D9: Mehsana | E9: 17.76 | F9: 18 | G9: 21 | H9: 23 | I9: 25 | J9: 27 | K9: 29 | L9: 30
B10: 8 | D10: Banas | E10: 2.34 | F10: 3 | G10: 4 | H10: 5 | I10: 7 | J10: 8 | K10: 9 | L10: 10
B11: 9 | D11: Nandini | E11: 25.63 | F11: 28 | G11: 30 | H11: 32 | I11: 34 | J11: 36 | K11: 38 | L11: 40
B12: 10 | D12: NJF, Ooty | E12: 23.92 | F12: 24 | G12: 25.5 | H12: 27 | I12: 29 | J12: 31.5 | K12: 33 | L12: 35
A13: Private/ NGO | B13: 11 | D13: BAIF | E13: 64.15 | F13: 66 | G13: 68 | H13: 70 | I13: 73 | J13: 75 | K13: 77 | L13: 80
A14: GoI | B14: 12 | D14: CFSP&TI | E14: 10.28 | F14: 11 | G14: 12.5 | H14: 14 | I14: 16 | J14: 17.5 | K14: 18.5 | L14: 20
A15: State Govts. | B15: 13 | D15: Banavasi | E15: 15.25 | F15: 16 | G15: 17 | H15: 18 | I15: 19 | J15: 21 | K15: 23 | L15: 25
B16: 14 | D16: Nandyal | E16: 31.5 | F16: 32 | G16: 33 | H16: 34 | I16: 36 | J16: 37 | K16: 38.5 | L16: 40
B17: 15 | D17: Vizag | E17: 17.28 | F17: 20 | G17: 23 | H17: 26 | I17: 30 | J17: 33 | K17: 36 | L17: 40
B18: 16 | D18: Anjora | E18: 9.91 | F18: 10.5 | G18: 11 | H18: 11.5 | I18: 12.5 | J18: 13 | K18: 14 | L18: 15
B19: 17 | D19: Palampur | E19: 7.6 | F19: 8 | G19: 8.25 | H19: 8.5 | I19: 9 | J19: 9.5 | K19: 10 | L19: 10
B20: 18 | D20: Dhoni | E20: 8.27 | F20: 10.5 | G20: 11 | H20: 11.5 | I20: 12 | J20: 13 | K20: 14 | L20: 15
B21: 19 | D21: Mattupatty | E21: 10.75 | F21: 11 | G21: 12 | H21: 14 | I21: 15.5 | J21: 17 | K21: 18.5 | L21: 20
B22: 20 | D22: Kulathupuzha | E22: 5.06 | F22: 6 | G22: 7.5 | H22: 9 | I22: 11 | J22: 12.5 | K22: 13.5 | L22: 15
B23: 21 | D23: Cuttack | E23: 9.12 | F23: 10 | G23: 10.5 | H23: 11.5 | I23: 12.5 | J23: 13 | K23: 14 | L23: 15
B24: 22 | D24: Nabha | E24: 23.19 | F24: 25 | G24: 28 | H24: 32 | I24: 36 | J24: 41 | K24: 45 | L24: 50
B25: 23 | D25: Echenkottai | E25: 10.99 | F25: 12 | G25: 15 | H25: 18 | I25: 23 | J25: 27 | K25: 31 | L25: 35
B26: 24 | D26: DLF-Ooty | E26: 9.1 | F26: 9.2 | G26: 9.4 | H26: 9.6 | I26: 9.8 | J26: 10 | K26: 10 | L26: 10
B27: 25 | D27: Rishikesh | E27: 15.37 | F27: 16 | G27: 17 | H27: 18.5 | I27: 20 | J27: 21.5 | K27: 23 | L27: 25
... B30: 28 | D30: Salboni | E30: 9.71 | F30: 10 | G30: 11 | H30: 13 | I30: 15 | J30: 17 | K30: 18.5 | L30: 20
B31: Total | E31: =SUM(E3:E30) -> 494.71 | F31: =SUM(F3:F30) -> 532.40667 | G31: =SUM(G3:G30) -> 592.115 | H31: =SUM(H3:H30) -> 652.97 | I31: =SUM(I3:I30) -> 722.435 | J31: =SUM(J3:J30) -> 789.8 | K31: =SUM(K3:K30) -> 848.4 | L31: =SUM(L3:L30) -> 910
B36: New Semen Station Semen Production (In Lakh Doses)
D37: Semen Station | E37: 2009-10 | F37: 2010-11 | G37: 2011-12 | H37: 2012-13 | I37: 2013-14 | J37: 2014-15 | K37: 2015-16 | L37: 2016-17
B38: 1 | D38: New (Pb/GJ) | E38: 0 | F38: 0 | G38: 0 | H38: 10 | I38: 22 | J38: 35 | K38: 42 | L38: 50
B39: 2 | D39: New (TN) | E39: 0 | F39: 0 | G39: 0 | H39: 0 | I39: 9.9576 | J39: 21 | K39: 34.983839 | L39: 40
D40: Total | E40: =SUM(E38:E39) -> 0 | F40: =SUM(F38:F39) -> 0 | G40: =SUM(G38:G39) -> 0 | H40: =SUM(H38:H39) -> 10 | I40: =SUM(I38:I39) -> 31.9576 | J40: =SUM(J38:J39) -> 56 | K40: =SUM(K38:K39) -> 76.983839 | L40: =SUM(L38:L39) -> 90
C42: Existing Semen Stations (Strengthened) Semen Production (In Lakh Doses)
E43: 2009-10 | F43: 2010-11 | G43: 2011-12 | H43: 2012-13 | I43: 2013-14 | J43: 2014-15 | K43: 2015-16 | L43: 2016-17
C44: Strengthening of SS phasing (28 SS) | D44: Phase-I (10) | G44: =G3+G4+G13+G24+G6+G16+G11+G17+G12+G25 -> 385.5 | H44: =H3+H4+H13+H24+H6+H16+H11+H17+H12+H25 -> 421 | I44: =I3+I4+I13+I24+I6+I16+I11+I17+I12+I25 -> 463 | J44: =J3+J4+J13+J24+J6+J16+J11+J17+J12+J25 -> 503.5 | K44: =K3+K4+K13+K24+K6+K16+K11+K17+K12+K25 -> 540 | L44: =L3+L4+L13+L24+L6+L16+L11+L17+L12+L25 -> 580
D45: Phase-II (9) | H45: =H9+H8+H29+H15+H27+H5+H21+H30+H14 -> 153.37 | I45: =I9+I8+I29+I15+I27+I5+I21+I30+I14 -> 172.135 | J45: =J9+J8+J29+J15+J27+J5+J21+J30+J14 -> 190.8 | K45: =K9+K8+K29+K15+K27+K5+K21+K30+K14 -> 205.4 | L45: =L9+L8+L29+L15+L27+L5+L21+L30+L14 -> 220
D46: Phase-III(9) | I46: =I20+I18+I22+I23+I7+I10+I28+I19+I26 -> 87.3 | J46: =J20+J18+J22+J23+J7+J10+J28+J19+J26 -> 95.5 | K46: =K20+K18+K22+K23+K7+K10+K28+K19+K26 -> 103 | L46: =L20+L18+L22+L23+L7+L10+L28+L19+L26 -> 110
C47: Total | G47: =SUM(G44:G46) -> 385.5 | H47: =SUM(H44:H46) -> 574.37 | I47: =SUM(I44:I46) -> 722.435 | J47: =SUM(J44:J46) -> 789.8 | K47: =SUM(K44:K46) -> 848.4 | L47: =SUM(L44:L46) -> 910
